# Blender 5.2.2 LTS
# www.blender.org
mtllib Europa.mtl
o Circle
v 1.401515 -0.003913 -2.050353
v 1.406345 0.000000 -2.050432
v 1.407328 -0.003913 -2.055161
v 1.403266 -0.001146 -2.050857
v 1.404489 -0.001654 -2.052675
v 1.406505 -0.001146 -2.053536
v 1.404146 -0.003913 -2.053090
v 0.883375 -0.003913 -1.785861
v 0.886591 0.000000 -1.779682
v 0.890440 -0.003913 -1.785487
v 0.885367 -0.001146 -1.783485
v 0.886815 -0.001654 -1.783915
v 0.888208 -0.001146 -1.783335
v 0.886871 -0.003913 -1.784982
v -0.122761 0.000000 -1.780527
v -0.125419 -0.003913 -1.783444
v -0.124640 -0.001146 -1.782590
v -0.348418 -0.003913 -1.581546
v -0.345228 0.000000 -1.584276
v -0.347016 -0.003913 -1.588075
v -0.347382 -0.001146 -1.582323
v -0.347921 -0.001654 -1.584854
v -0.346390 -0.001146 -1.586940
v -0.348646 -0.003913 -1.585009
v -0.577436 -0.003913 -0.614731
v -0.582290 0.000000 -0.619211
v -0.584598 -0.003913 -0.613022
v -0.579953 -0.001146 -0.616166
v -0.581367 -0.001654 -0.615342
v -0.583000 -0.001146 -0.615439
v -0.581145 -0.003913 -0.614411
v -0.520779 -0.003913 -0.608393
v -0.516177 -0.003913 -0.604110
v -0.513572 0.000000 -0.611524
v -0.517821 -0.003913 -0.606958
v -0.516902 -0.001654 -0.607946
v -0.515671 -0.001146 -0.607669
v -0.517266 -0.001146 -0.609153
v -0.454610 -0.003913 -0.319869
v -0.425360 0.000000 -0.240365
v -0.454254 -0.003913 -0.319999
v -0.439238 -0.001146 -0.280431
v -0.446611 -0.001654 -0.298526
v -0.440581 -0.001146 -0.279941
v -0.453877 -0.003913 -0.318413
v -0.745178 0.000000 -0.423551
v -0.746720 -0.003913 -0.427147
v -0.746268 -0.001146 -0.426094
v -0.939889 -0.003913 -0.348298
v -0.944611 -0.003913 -0.343064
v -0.940286 0.000000 -0.343910
v -0.942918 -0.003913 -0.346284
v -0.942297 -0.001654 -0.345724
v -0.943199 -0.001146 -0.343181
v -0.939860 -0.001146 -0.346882
v -0.976501 -0.003913 -0.234046
v -0.973817 -0.003913 -0.229286
v -0.972717 0.000000 -0.233042
v -0.976170 -0.003913 -0.231096
v -0.975536 -0.001654 -0.231454
v -0.973495 -0.001146 -0.230386
v -0.975392 -0.001146 -0.233753
v -0.761663 -0.003913 -0.172901
v -0.761484 -0.003913 -0.170369
v -0.745847 0.000000 -0.172746
v -0.760044 -0.003913 -0.171743
v -0.756490 -0.001654 -0.171994
v -0.753982 -0.001146 -0.172304
v -0.753963 -0.001146 -0.172040
v -2.675154 -0.003913 0.791174
v -2.670532 0.000000 0.790826
v -2.669677 -0.003913 0.786271
v -2.673558 -0.001146 0.790619
v -2.672437 -0.001654 0.788699
v -2.670405 -0.001146 0.787796
v -2.672786 -0.003913 0.788308
v -2.895127 -0.003913 1.203313
v -2.894537 -0.003913 1.209830
v -2.892309 0.000000 1.206343
v -2.895797 -0.003913 1.206659
v -2.895081 -0.001654 1.206594
v -2.893804 -0.001146 1.208802
v -2.894221 -0.001146 1.204193
v -2.530779 -0.003913 1.668325
v -2.524436 -0.003913 1.671510
v -2.526411 0.000000 1.667535
v -2.528009 -0.003913 1.670716
v -2.527626 -0.001654 1.669953
v -2.524920 -0.001146 1.670158
v -2.529405 -0.001146 1.667906
v -2.362725 -0.003913 1.676448
v -2.362437 0.000000 1.672542
v -2.362641 -0.001146 1.675304
v -2.107942 -0.003913 1.706321
v -2.100482 -0.003913 1.705181
v -2.104668 0.000000 1.702765
v -2.104147 -0.003913 1.706176
v -2.104229 -0.001654 1.705644
v -2.102245 -0.001146 1.704713
v -2.106399 -0.001146 1.705347
v -1.882560 -0.003913 1.607910
v -1.877928 -0.003913 1.602548
v -1.882258 0.000000 1.603490
v -1.879567 -0.003913 1.605815
v -1.880210 -0.001654 1.605259
v -1.879353 -0.001146 1.602689
v -1.882628 -0.001146 1.606480
v -1.828462 -0.003913 1.426602
v -1.831956 0.000000 1.424572
v -1.829485 -0.001146 1.426008
v -1.532287 0.000000 1.269482
v -1.531410 -0.003913 1.273378
v -1.531667 -0.001146 1.272237
v -1.363140 -0.003913 1.079303
v -1.366935 0.000000 1.072866
v -1.369753 -0.003913 1.079787
v -1.365417 -0.001146 1.076801
v -1.366599 -0.001654 1.077461
v -1.367865 -0.001146 1.076980
v -1.366510 -0.003913 1.078686
v -1.016437 0.000000 1.144675
v -1.015618 -0.003913 1.148507
v -1.015858 -0.001146 1.147385
v -0.897318 -0.003913 1.061786
v -0.899288 0.000000 1.055015
v -0.904125 -0.003913 1.060146
v -0.898824 -0.001146 1.059021
v -0.900295 -0.001654 1.059197
v -0.901524 -0.001146 1.058370
v -0.900552 -0.003913 1.060262
v 2.605258 -0.003913 1.324228
v 2.600629 0.000000 1.324133
v 2.599340 -0.003913 1.328579
v 2.603619 -0.001146 1.324628
v 2.602320 -0.001654 1.326432
v 2.600210 -0.001146 1.327134
v 2.602630 -0.003913 1.326854
v 2.794641 -0.003913 1.314079
v 2.790532 0.000000 1.314560
v 2.789970 -0.003913 1.318658
v 2.793381 -0.001146 1.314163
v 2.792481 -0.001654 1.316548
v 2.790079 -0.001146 1.317401
v 2.792984 -0.003913 1.317061
v 2.824419 0.000000 1.195483
v 2.828385 -0.003913 1.196029
v 2.827223 -0.001146 1.195869
v 2.634249 0.000000 0.909913
v 2.637003 -0.003913 0.907131
v 2.636196 -0.001146 0.907946
v 3.302905 -0.003913 -1.301501
v 3.298980 0.000000 -1.299609
v 3.299697 -0.003913 -1.295311
v 3.301602 -0.001146 -1.301026
v 3.301389 -0.001654 -1.298361
v 3.299334 -0.001146 -1.296650
v 3.302109 -0.003913 -1.297987
v 2.836646 0.000000 -2.231860
v 2.836740 -0.003913 -2.235772
v 2.836712 -0.001146 -2.234627
v 2.462419 -0.003913 -2.251858
v 2.462370 0.000000 -2.247944
v 2.462405 -0.001146 -2.250711
v 1.964778 -0.003913 -2.242768
v 1.965149 0.000000 -2.238862
v 1.964886 -0.001146 -2.241624
v 1.785859 -0.003913 -2.211811
v 1.786870 0.000000 -2.208015
v 1.786155 -0.001146 -2.210699
v 1.631668 -0.003913 -2.155676
v 1.633138 0.000000 -2.152047
v 1.632099 -0.001146 -2.154613
v 3.308739 -0.003913 -2.227754
v 3.304851 -0.003913 -2.231701
v 3.304826 0.000000 -2.227787
v 3.307611 -0.003913 -2.230531
v 3.307100 -0.001654 -2.230027
v 3.304844 -0.001146 -2.230554
v 3.307593 -0.001146 -2.227764
v 1.317924 -0.003913 -1.798199
v 1.324634 0.000000 -1.790388
v 1.321872 -0.003913 -1.800308
v 1.321647 -0.001146 -1.795016
v 1.321500 -0.001654 -1.796254
v 1.322448 -0.001146 -1.795444
v 1.320525 -0.003913 -1.798081
v 0.516106 0.000000 -1.951861
v 0.517574 -0.003913 -1.955493
v 0.517144 -0.001146 -1.954429
v 1.341357 -0.003913 -1.964251
v 1.345126 0.000000 -1.962814
v 1.342461 -0.001146 -1.963830
v 0.664962 -0.003913 -1.903598
v 0.663374 0.000000 -1.900008
v 0.664497 -0.001146 -1.902547
v 1.144763 -0.003913 -1.886431
v 1.137655 -0.003913 -1.886725
v 1.141099 0.000000 -1.883906
v 1.141246 -0.003913 -1.887469
v 1.141211 -0.001654 -1.886610
v 1.138655 -0.001146 -1.885683
v 1.143681 -0.001146 -1.885476
v 0.138635 0.000000 -1.984374
v 0.137028 -0.003913 -1.988014
v 0.137499 -0.001146 -1.986948
v -0.231598 -0.003913 -1.709469
v -0.229036 0.000000 -1.706485
v -0.230848 -0.001146 -1.708595
v -0.376920 0.000000 -1.402396
v -0.380071 -0.003913 -1.404737
v -0.379148 -0.001146 -1.404051
v 0.358068 -0.003913 -2.028625
v 0.350643 -0.003913 -2.029664
v 0.353945 0.000000 -2.026210
v 0.354420 -0.003913 -2.029604
v 0.354346 -0.001654 -2.029076
v 0.352171 -0.001146 -2.028738
v 0.356344 -0.001146 -2.028154
v -0.031356 0.000000 -1.888756
v -0.033791 -0.003913 -1.891938
v -0.033078 -0.001146 -1.891006
v 0.243048 -0.003913 -2.013216
v 0.243797 0.000000 -2.009372
v 0.243268 -0.001146 -2.012090
v 0.061067 -0.003913 -1.936196
v 0.063010 0.000000 -1.932785
v 0.061636 -0.001146 -1.935197
v -0.321289 -0.003913 -1.504122
v -0.322075 -0.003913 -1.497116
v -0.315679 0.000000 -1.499945
v -0.320983 -0.003913 -1.500541
v -0.319912 -0.001654 -1.500420
v -0.319563 -0.001146 -1.498961
v -0.319249 -0.001146 -1.501766
v -0.508500 -0.003913 -1.257400
v -0.505948 0.000000 -1.254373
v -0.507752 -0.001146 -1.256513
v -0.709596 0.000000 -1.093026
v -0.712847 -0.003913 -1.095299
v -0.711895 -0.001146 -1.094633
v -0.621557 -0.003913 -1.188594
v -0.619104 0.000000 -1.185507
v -0.620839 -0.001146 -1.187690
v -0.806857 -0.003913 -0.898605
v -0.802950 0.000000 -0.897706
v -0.805713 -0.001146 -0.898342
v -0.755654 0.000000 -0.633940
v -0.758738 -0.003913 -0.631510
v -0.757835 -0.001146 -0.632222
v -0.808239 -0.003913 -0.688652
v -0.805599 -0.003913 -0.681874
v -0.804341 0.000000 -0.686267
v -0.807476 -0.003913 -0.685046
v -0.806990 -0.001654 -0.685235
v -0.805563 -0.001146 -0.683518
v -0.807100 -0.001146 -0.687464
v -0.699620 -0.003913 -0.542362
v -0.694184 -0.003913 -0.541245
v -0.696347 0.000000 -0.544506
v -0.697132 -0.003913 -0.540684
v -0.696988 -0.001654 -0.541386
v -0.694817 -0.001146 -0.542200
v -0.698661 -0.001146 -0.542990
v -0.477155 -0.003913 -0.393545
v -0.473350 0.000000 -0.394487
v -0.476040 -0.001146 -0.393821
v -0.537657 -0.003913 -0.516983
v -0.542745 -0.003913 -0.518982
v -0.541226 0.000000 -0.515375
v -0.539777 -0.003913 -0.519062
v -0.540043 -0.001654 -0.518385
v -0.542300 -0.001146 -0.517925
v -0.538703 -0.001146 -0.516511
v -1.346869 0.000000 0.139331
v -1.348890 -0.003913 0.135843
v -1.348298 -0.001146 0.136865
v -1.111429 -0.003913 -0.130121
v -1.107421 0.000000 -0.129476
v -1.105913 -0.003913 -0.133244
v -1.110230 -0.001146 -0.129889
v -1.108821 -0.001654 -0.131947
v -1.106330 -0.001146 -0.132097
v -1.109164 -0.003913 -0.132553
v -1.560538 0.000000 0.256908
v -1.559769 -0.003913 0.253042
v -1.559994 -0.001146 0.254174
v -0.902813 -0.003913 -0.110476
v -0.902230 0.000000 -0.106473
v -0.902642 -0.001146 -0.109303
v -1.474080 -0.003913 0.256605
v -1.480798 -0.003913 0.259026
v -1.475442 0.000000 0.263356
v -1.477214 -0.003913 0.258439
v -1.476860 -0.001654 0.259422
v -1.478059 -0.001146 0.260383
v -1.475324 -0.001146 0.259397
v -1.213615 -0.003913 0.093431
v -1.218999 -0.003913 0.098082
v -1.212428 0.000000 0.100246
v -1.215866 -0.003913 0.096267
v -1.215177 -0.001654 0.097065
v -1.215940 -0.001146 0.098386
v -1.213759 -0.001146 0.096502
v -1.899307 0.000000 0.514773
v -1.902158 -0.003913 0.517561
v -1.901323 -0.001146 0.516745
v -1.847145 -0.003913 0.201152
v -1.842853 0.000000 0.203130
v -1.839896 -0.003913 0.199443
v -1.845418 -0.001146 0.201447
v -1.843514 -0.001654 0.200328
v -1.841309 -0.001146 0.200478
v -1.843635 -0.003913 0.199813
v -1.684858 -0.003913 0.211981
v -1.685636 0.000000 0.215843
v -1.685086 -0.001146 0.213112
v -2.117861 -0.003913 0.364783
v -2.117986 -0.003913 0.369025
v -2.113998 0.000000 0.367020
v -2.119417 -0.003913 0.366860
v -2.118296 -0.001654 0.366893
v -2.116685 -0.001146 0.368442
v -2.116597 -0.001146 0.365442
v -1.799058 -0.003913 0.674757
v -1.798200 -0.003913 0.681724
v -1.792582 0.000000 0.677496
v -1.797918 -0.003913 0.678153
v -1.796836 -0.001654 0.678020
v -1.796156 -0.001146 0.679343
v -1.796498 -0.001146 0.676571
v -2.287398 0.000000 0.784455
v -2.285887 -0.003913 0.780830
v -2.286329 -0.001146 0.781892
v -1.876503 -0.003913 0.906267
v -1.881522 -0.003913 0.908781
v -1.875348 0.000000 0.914839
v -1.878507 -0.003913 0.908534
v -1.877794 -0.001654 0.909956
v -1.878191 -0.001146 0.911038
v -1.876691 -0.001146 0.910286
v -2.442285 -0.003913 0.698651
v -2.449383 -0.003913 0.698282
v -2.445972 0.000000 0.701133
v -2.445788 -0.003913 0.697575
v -2.445832 -0.001654 0.698431
v -2.448395 -0.001146 0.699331
v -2.443376 -0.001146 0.699591
v -1.683029 -0.003913 1.279209
v -1.676368 -0.003913 1.276343
v -1.681950 0.000000 1.272544
v -1.679940 -0.003913 1.277216
v -1.680336 -0.001654 1.276295
v -1.679143 -0.001146 1.275254
v -1.681912 -0.001146 1.276446
v -1.455761 -0.003913 1.142900
v -1.462350 0.000000 1.142881
v -1.459905 -0.003913 1.149000
v -1.458576 -0.001146 1.143544
v -1.459069 -0.001654 1.145110
v -1.460343 -0.001146 1.146146
v -1.458281 -0.003913 1.145645
v -1.186413 -0.003913 1.172874
v -1.179089 -0.003913 1.174099
v -1.182274 0.000000 1.170637
v -1.182835 -0.003913 1.173991
v -1.182748 -0.001654 1.173470
v -1.180556 -0.001146 1.173169
v -1.184723 -0.001146 1.172472
v -0.941542 -0.003913 1.068776
v -0.949846 0.000000 1.066675
v -0.944685 -0.003913 1.073510
v -0.945512 -0.001146 1.068515
v -0.945346 -0.001654 1.069661
v -0.946467 -0.001146 1.069954
v -0.944042 -0.003913 1.070527
v -0.230955 -0.003913 1.659719
v -0.237919 0.000000 1.663321
v -0.230552 -0.003913 1.666007
v -0.233755 -0.001146 1.661958
v -0.233053 -0.001654 1.663010
v -0.233615 -0.001146 1.664143
v -0.231713 -0.003913 1.662924
v 2.744606 -0.003913 1.327583
v 2.742383 0.000000 1.324033
v 2.738373 -0.003913 1.325243
v 2.743990 -0.001146 1.326449
v 2.741414 -0.001654 1.326615
v 2.739583 -0.001146 1.324794
v 2.741154 -0.003913 1.327305
v 2.808276 -0.003913 1.251324
v 2.804509 0.000000 1.250234
v 2.807173 -0.001146 1.251005
v 2.819853 -0.003913 1.082578
v 2.816708 -0.003913 1.075996
v 2.815772 0.000000 1.080486
v 2.818810 -0.003913 1.079034
v 2.818339 -0.001654 1.079259
v 2.816795 -0.001146 1.077650
v 2.818620 -0.001146 1.081471
v -1.490795 -0.003913 1.255119
v -1.486237 -0.003913 1.249729
v -1.490538 0.000000 1.250713
v -1.487830 -0.003913 1.253004
v -1.488471 -0.001654 1.252462
v -1.487648 -0.001146 1.249889
v -1.490872 -0.001146 1.253700
v -0.939206 -0.003913 1.127739
v -0.936100 -0.003913 1.122857
v -0.939896 0.000000 1.123871
v -0.936728 -0.003913 1.125886
v -0.937313 -0.001654 1.125514
v -0.937216 -0.001146 1.123152
v -0.939412 -0.001146 1.126603
v -0.637475 -0.003913 1.421029
v -0.638639 0.000000 1.414558
v -0.644224 -0.003913 1.418028
v -0.638612 -0.001146 1.418383
v -0.640246 -0.001654 1.418172
v -0.641497 -0.001146 1.417101
v -0.640631 -0.003913 1.419039
v -0.738908 0.000000 1.300175
v -0.742166 -0.003913 1.302343
v -0.741212 -0.001146 1.301708
v -0.334920 -0.003913 1.736309
v -0.328829 0.000000 1.733461
v -0.333948 -0.003913 1.729101
v -0.332581 -0.001146 1.734488
v -0.332856 -0.001654 1.732918
v -0.332175 -0.001146 1.731477
v -0.333841 -0.003913 1.732785
v -0.832622 -0.003913 1.116747
v -0.829713 0.000000 1.110725
v -0.836396 -0.003913 1.110497
v -0.831965 -0.001146 1.113877
v -0.833169 -0.001654 1.112812
v -0.833551 -0.001146 1.111251
v -0.834010 -0.003913 1.113320
v -0.450791 0.000000 1.559965
v -0.453720 -0.003913 1.562742
v -0.452862 -0.001146 1.561928
v -0.763354 -0.003913 1.391599
v -0.759036 0.000000 1.390634
v -0.762146 -0.003913 1.387486
v -0.761971 -0.001146 1.391351
v -0.763115 -0.001654 1.389435
v -0.761117 -0.001146 1.388443
v -0.764170 -0.003913 1.389125
v -0.660659 -0.003913 1.827953
v -0.656716 0.000000 1.828144
v -0.656049 -0.003913 1.824254
v -0.659497 -0.001146 1.828017
v -0.658595 -0.001654 1.825803
v -0.656238 -0.001146 1.825402
v -0.659025 -0.003913 1.825266
v -0.874652 -0.003913 1.080855
v -0.872193 0.000000 1.077810
v -0.873932 -0.001146 1.079963
v -0.555259 -0.003913 1.498440
v -0.552850 0.000000 1.495334
v -0.554553 -0.001146 1.497530
v -0.700422 -0.003913 1.364899
v -0.701995 -0.003913 1.369287
v -0.692066 0.000000 1.370371
v -0.699983 -0.003913 1.367533
v -0.698116 -0.001654 1.368202
v -0.697265 -0.001146 1.369054
v -0.696918 -0.001146 1.368085
v -0.404035 -0.003913 1.830590
v -0.398340 0.000000 1.833669
v -0.397357 -0.003913 1.827270
v -0.401311 -0.001146 1.831329
v -0.400069 -0.001654 1.830191
v -0.398412 -0.001146 1.829888
v -0.400477 -0.003913 1.829370
v -0.820720 -0.003913 1.184107
v -0.817009 0.000000 1.182622
v -0.819633 -0.001146 1.183672
v -0.412557 -0.003913 1.636113
v -0.406826 -0.003913 1.640390
v -0.408081 0.000000 1.636094
v -0.410222 -0.003913 1.638962
v -0.409699 -0.001654 1.638262
v -0.407057 -0.001146 1.638949
v -0.411109 -0.001146 1.635925
v -0.750597 -0.003913 1.406577
v -0.744159 -0.003913 1.409874
v -0.746129 0.000000 1.405787
v -0.747660 -0.003913 1.408777
v -0.747422 -0.001654 1.408312
v -0.745210 -0.001146 1.408638
v -0.748980 -0.001146 1.406707
v -0.680732 -0.003913 2.059607
v -0.676841 0.000000 2.058057
v -0.677314 -0.003913 2.053895
v -0.679506 -0.001146 2.059205
v -0.679208 -0.001654 2.056640
v -0.677089 -0.001146 2.055166
v -0.679840 -0.003913 2.056262
v -0.372590 -0.003913 1.803277
v -0.369459 0.000000 1.805691
v -0.371673 -0.001146 1.803984
v -0.601265 0.000000 1.925696
v -0.603543 -0.003913 1.928880
v -0.602876 -0.001146 1.927948
v -0.526115 -0.003913 1.849455
v -0.526350 0.000000 1.853451
v -0.526184 -0.001146 1.850626
v -0.356827 -0.003913 1.651709
v -0.352064 -0.003913 1.656370
v -0.349796 0.000000 1.649289
v -0.353851 -0.003913 1.653432
v -0.353000 -0.001654 1.652562
v -0.351717 -0.001146 1.653025
v -0.353490 -0.001146 1.651289
v 2.430897 -0.003913 1.377348
v 2.421772 0.000000 1.375917
v 2.428702 -0.003913 1.382024
v 2.426559 -0.001146 1.377411
v 2.427099 -0.001654 1.378418
v 2.425979 -0.001146 1.378646
v 2.428697 -0.003913 1.379168
v -0.669009 -0.003913 1.873871
v -0.666613 -0.003913 1.880115
v -0.665433 0.000000 1.876081
v -0.668696 -0.003913 1.877333
v -0.668003 -0.001654 1.877067
v -0.666168 -0.001146 1.878895
v -0.667862 -0.001146 1.874480
v -0.231787 -0.003913 2.117275
v -0.237760 0.000000 2.116751
v -0.232961 -0.003913 2.120345
v -0.233965 -0.001146 2.116957
v -0.232298 -0.001654 2.118839
v -0.234795 -0.001146 2.119128
v -0.230572 -0.003913 2.119499
v -0.533148 -0.003913 1.975384
v -0.533358 -0.003913 1.979340
v -0.522165 0.000000 1.977950
v -0.531857 -0.003913 1.977436
v -0.529515 -0.001654 1.977560
v -0.528134 -0.001146 1.977926
v -0.528103 -0.001146 1.977343
v -0.610687 -0.003913 1.826004
v -0.611293 0.000000 1.829897
v -0.610865 -0.001146 1.827144
v -0.679480 -0.003913 2.146962
v -0.675520 -0.003913 2.150608
v -0.675570 0.000000 2.146689
v -0.678298 -0.003913 2.149652
v -0.677796 -0.001654 2.149107
v -0.675533 -0.001146 2.149459
v -0.678333 -0.001146 2.146881
v -0.205777 -0.003913 1.785564
v -0.210027 0.000000 1.787568
v -0.209134 -0.003913 1.792182
v -0.207100 -0.001146 1.786684
v -0.207467 -0.001654 1.788868
v -0.209012 -0.001146 1.790452
v -0.206996 -0.003913 1.789106
v 0.123699 0.000000 1.786217
v 0.120315 -0.003913 1.788292
v 0.121306 -0.001146 1.787684
v -0.386379 -0.003913 1.816635
v -0.383656 0.000000 1.819445
v -0.385581 -0.001146 1.817458
v -0.379515 -0.003913 1.965610
v -0.379459 -0.003913 1.960061
v -0.387763 0.000000 1.962751
v -0.380629 -0.003913 1.962824
v -0.382244 -0.001654 1.962808
v -0.383042 -0.001146 1.961983
v -0.383058 -0.001146 1.963615
v -0.195051 -0.003913 1.712815
v -0.196998 -0.003913 1.705948
v -0.198609 0.000000 1.710114
v -0.195170 -0.003913 1.709139
v -0.196006 -0.001654 1.709376
v -0.197685 -0.001146 1.707229
v -0.196309 -0.001146 1.712085
v -0.080224 -0.003913 1.576852
v -0.079834 0.000000 1.581514
v -0.075222 -0.003913 1.582304
v -0.079643 -0.001146 1.578470
v -0.077722 -0.001654 1.579577
v -0.076785 -0.001146 1.581586
v -0.077334 -0.003913 1.579221
v -0.098274 -0.003913 1.687341
v -0.101031 0.000000 1.684268
v -0.104690 -0.003913 1.686180
v -0.099068 -0.001146 1.686365
v -0.101528 -0.001654 1.687013
v -0.103605 -0.001146 1.685545
v -0.101655 -0.003913 1.687717
v -0.457288 -0.003913 1.257837
v -0.460971 0.000000 1.263766
v -0.453998 -0.003913 1.264086
v -0.458319 -0.001146 1.260770
v -0.457211 -0.001654 1.261787
v -0.457000 -0.001146 1.263277
v -0.456260 -0.003913 1.261287
v -0.195432 -0.003913 1.604415
v -0.190495 -0.003913 1.603832
v -0.194040 0.000000 1.595006
v -0.193110 -0.003913 1.602880
v -0.193327 -0.001654 1.601047
v -0.192828 -0.001146 1.600003
v -0.194054 -0.001146 1.600148
v -0.237670 -0.003913 1.491483
v -0.242371 -0.003913 1.485914
v -0.244320 0.000000 1.492328
v -0.240472 -0.003913 1.489079
v -0.241226 -0.001654 1.489716
v -0.242579 -0.001146 1.488860
v -0.240609 -0.001146 1.491193
v -0.043941 -0.003913 1.663923
v -0.041910 -0.003913 1.658786
v -0.045503 0.000000 1.660335
v -0.041858 -0.003913 1.661777
v -0.042527 -0.001654 1.661512
v -0.042962 -0.001146 1.659240
v -0.044399 -0.001146 1.662872
v -0.275651 0.000000 1.303413
v -0.278611 -0.003913 1.305977
v -0.277744 -0.001146 1.305227
v -0.462954 -0.003913 1.113627
v -0.460428 -0.003913 1.112568
v -0.467429 0.000000 1.099407
v -0.462278 -0.003913 1.111697
v -0.463563 -0.001654 1.108632
v -0.464519 -0.001146 1.106543
v -0.464382 -0.001146 1.106485
v -0.270311 -0.003913 1.403875
v -0.274709 -0.003913 1.397832
v -0.274885 0.000000 1.402582
v -0.272122 -0.003913 1.400571
v -0.272551 -0.001654 1.400883
v -0.274313 -0.001146 1.399557
v -0.271831 -0.001146 1.402967
v -0.039693 -0.003913 1.605637
v -0.036690 0.000000 1.603127
v -0.038813 -0.001146 1.604902
v 1.648267 -0.003913 1.911864
v 1.649978 0.000000 1.907418
v 1.646056 -0.003913 1.904714
v 1.648452 -0.001146 1.910096
v 1.647217 -0.001654 1.908271
v 1.647207 -0.001146 1.906068
v 1.646709 -0.003913 1.908429
v 1.526014 0.000000 2.068091
v 1.529523 -0.003913 2.070044
v 1.528495 -0.001146 2.069472
v 2.235449 -0.003913 1.647570
v 2.231280 0.000000 1.642369
v 2.228164 -0.003913 1.648261
v 2.233151 -0.001146 1.645751
v 2.231660 -0.001654 1.646373
v 2.230079 -0.001146 1.646043
v 2.231752 -0.003913 1.647344
v 0.409516 -0.003913 2.173456
v 0.407056 0.000000 2.169535
v 0.402632 -0.003913 2.170897
v 0.408283 -0.001146 2.172306
v 0.406062 -0.001654 2.172210
v 0.404317 -0.001146 2.170831
v 0.405879 -0.003913 2.172702
v 1.778223 -0.003913 1.856954
v 1.774422 0.000000 1.855080
v 1.771588 -0.003913 1.858229
v 1.777087 -0.001146 1.856287
v 1.774940 -0.001654 1.857771
v 1.772395 -0.001146 1.857189
v 1.775082 -0.003913 1.858514
v 1.627046 -0.003913 1.884741
v 1.622978 0.000000 1.884312
v 1.621610 -0.003913 1.888168
v 1.625821 -0.001146 1.884563
v 1.624479 -0.001654 1.886693
v 1.621978 -0.001146 1.886986
v 1.624854 -0.003913 1.887289
v 2.468961 0.000000 1.600778
v 2.469947 -0.003913 1.604625
v 2.469658 -0.001146 1.603498
v 0.206148 -0.003913 2.002417
v 0.209423 0.000000 2.000071
v 0.207108 -0.001146 2.001730
v 1.741139 -0.003913 1.927549
v 1.737313 0.000000 1.928439
v 1.737884 -0.003913 1.932325
v 1.740015 -0.001146 1.927807
v 1.739845 -0.001654 1.930164
v 1.737713 -0.001146 1.931184
v 1.740418 -0.003913 1.930555
v 1.581432 -0.003913 1.890167
v 1.586426 -0.003913 1.886584
v 1.579612 0.000000 1.882360
v 1.583344 -0.003913 1.887560
v 1.582529 -0.001654 1.886425
v 1.582983 -0.001146 1.885282
v 1.581301 -0.001146 1.886489
v 2.309655 -0.003913 1.617432
v 2.303121 0.000000 1.614029
v 2.304169 -0.003913 1.621321
v 2.306453 -0.001146 1.616539
v 2.305742 -0.001654 1.617725
v 2.304386 -0.001146 1.618003
v 2.306433 -0.003913 1.618701
v 1.429302 -0.003913 2.176667
v 1.435837 -0.003913 2.173776
v 1.431481 0.000000 2.172761
v 1.432929 -0.003913 2.176033
v 1.432576 -0.001654 2.175236
v 1.434470 -0.001146 2.173271
v 1.429848 -0.001146 2.175316
v 1.984011 0.000000 1.765576
v 1.985205 -0.003913 1.769358
v 1.984855 -0.001146 1.768250
v 1.644318 -0.003913 1.843994
v 1.645858 -0.003913 1.844304
v 1.649695 0.000000 1.821282
v 1.645402 -0.003913 1.842593
v 1.646491 -0.001654 1.837186
v 1.646966 -0.001146 1.832796
v 1.647753 -0.001146 1.832954
v 2.513030 -0.003913 1.585273
v 2.515036 -0.003913 1.580083
v 2.511466 0.000000 1.581686
v 2.515096 -0.003913 1.583089
v 2.514430 -0.001654 1.582831
v 2.513990 -0.001146 1.580552
v 2.512572 -0.001146 1.584222
v 1.670459 -0.003913 1.944541
v 1.676465 -0.003913 1.946876
v 1.674379 0.000000 1.943349
v 1.673105 -0.003913 1.946626
v 1.673361 -0.001654 1.945967
v 1.675877 -0.001146 1.945783
v 1.671630 -0.001146 1.944132
v 2.282572 -0.003913 1.660490
v 2.287932 -0.003913 1.657947
v 2.284133 0.000000 1.656860
v 2.285710 -0.003913 1.660185
v 2.285416 -0.001654 1.659564
v 2.286813 -0.001146 1.657618
v 2.283024 -0.001146 1.659416
v 1.854429 -0.003913 1.790247
v 1.861246 -0.003913 1.787115
v 1.855669 0.000000 1.783961
v 1.857645 -0.003913 1.788262
v 1.857271 -0.001654 1.787447
v 1.858573 -0.001146 1.786340
v 1.855583 -0.001146 1.787714
v 1.729652 -0.003913 1.847109
v 1.732789 -0.003913 1.844537
v 1.724313 0.000000 1.837397
v 1.730342 -0.003913 1.844751
v 1.728889 -0.001654 1.842979
v 1.728281 -0.001146 1.841732
v 1.727785 -0.001146 1.842138
v 2.094728 -0.003913 1.713824
v 2.092982 0.000000 1.710321
v 2.094216 -0.001146 1.712798
v 2.664131 -0.003913 1.235270
v 2.668684 -0.003913 1.235103
v 2.666044 0.000000 1.225290
v 2.666360 -0.003913 1.233870
v 2.666285 -0.001654 1.231838
v 2.666723 -0.001146 1.230692
v 2.665763 -0.001146 1.230727
v 2.515119 -0.003913 1.352964
v 2.514030 0.000000 1.349205
v 2.514800 -0.001146 1.351863
v 2.486838 -0.003913 0.405296
v 2.484113 0.000000 0.409302
v 2.487435 -0.003913 0.412828
v 2.486239 -0.001146 0.407026
v 2.487020 -0.001654 0.409071
v 2.486571 -0.001146 0.411213
v 2.487558 -0.003913 0.409028
v 2.388291 -0.003913 0.668085
v 2.381663 0.000000 0.672688
v 2.389618 -0.003913 0.674040
v 2.385704 -0.001146 0.670744
v 2.386584 -0.001654 0.671591
v 2.386147 -0.001146 0.672731
v 2.387963 -0.003913 0.671283
v 2.315403 -0.003913 -0.092798
v 2.308328 0.000000 -0.092675
v 2.312067 -0.003913 -0.086667
v 2.312325 -0.001146 -0.092069
v 2.312122 -0.001654 -0.090611
v 2.311007 -0.001146 -0.089647
v 2.313092 -0.003913 -0.090083
v 2.491473 -0.003913 0.755514
v 2.488828 0.000000 0.758409
v 2.490698 -0.001146 0.756362
v 2.452257 -0.003913 0.308439
v 2.447088 -0.003913 0.304075
v 2.448021 0.000000 0.308212
v 2.450277 -0.003913 0.305540
v 2.449788 -0.001654 0.306120
v 2.447282 -0.001146 0.305380
v 2.450937 -0.001146 0.308466
v 2.471207 -0.003913 0.499669
v 2.467460 0.000000 0.498423
v 2.470109 -0.001146 0.499304
v 2.529001 -0.003913 -0.239975
v 2.535900 -0.003913 -0.240855
v 2.531666 0.000000 -0.246563
v 2.532357 -0.003913 -0.241152
v 2.532216 -0.001654 -0.242257
v 2.533505 -0.001146 -0.242948
v 2.530794 -0.001146 -0.242601
v 2.212744 -0.003913 0.075750
v 2.204384 0.000000 0.073650
v 2.209659 -0.003913 0.080468
v 2.208745 -0.001146 0.075490
v 2.208937 -0.001654 0.076628
v 2.207818 -0.001146 0.076908
v 2.210260 -0.003913 0.077493
v 2.249166 -0.003913 0.269220
v 2.244584 -0.003913 0.264697
v 2.241971 0.000000 0.271926
v 2.246228 -0.003913 0.267614
v 2.245318 -0.001654 0.268536
v 2.244074 -0.001146 0.268161
v 2.245709 -0.001146 0.269775
v 2.304130 -0.003913 0.054825
v 2.308059 -0.003913 0.050040
v 2.304122 0.000000 0.050812
v 2.306886 -0.003913 0.053082
v 2.306355 -0.001654 0.052646
v 2.306881 -0.001146 0.050245
v 2.304102 -0.001146 0.053628
v 3.021713 0.000000 -0.442508
v 3.024743 -0.003913 -0.439855
v 3.023856 -0.001146 -0.440632
v 2.667616 -0.003913 -0.192861
v 2.674494 -0.003913 -0.193771
v 2.670713 0.000000 -0.195897
v 2.671174 -0.003913 -0.192410
v 2.671069 -0.001654 -0.193205
v 2.673364 -0.001146 -0.194557
v 2.668501 -0.001146 -0.193913
v 2.988116 -0.003913 -0.765195
v 2.981163 0.000000 -0.765426
v 2.984312 -0.003913 -0.759222
v 2.985073 -0.001146 -0.764626
v 2.984732 -0.001654 -0.763152
v 2.983541 -0.001146 -0.762221
v 2.985632 -0.003913 -0.762579
v 2.982128 -0.003913 -0.559412
v 2.977062 0.000000 -0.553255
v 2.985006 -0.003913 -0.553938
v 2.980393 -0.001146 -0.556192
v 2.981462 -0.001654 -0.555569
v 2.981369 -0.001146 -0.554334
v 2.982688 -0.003913 -0.556213
v 3.063345 -0.003913 -0.513982
v 3.061591 -0.003913 -0.519074
v 3.059776 0.000000 -0.515601
v 3.063581 -0.003913 -0.516912
v 3.062881 -0.001654 -0.516671
v 3.061058 -0.001146 -0.518056
v 3.062298 -0.001146 -0.514456
v 2.996537 -0.003913 -0.640609
v 2.995290 -0.003913 -0.647865
v 2.993121 0.000000 -0.643758
v 2.996454 -0.003913 -0.644330
v 2.995938 -0.001654 -0.644241
v 2.994910 -0.001146 -0.646211
v 2.995627 -0.001146 -0.642042
v 2.976620 -0.003913 -0.680788
v 2.975187 -0.003913 -0.688073
v 2.970642 0.000000 -0.683396
v 2.975400 -0.003913 -0.684332
v 2.974487 -0.001654 -0.684152
v 2.973719 -0.001146 -0.685631
v 2.974336 -0.001146 -0.682492
v 3.011922 -0.003913 -0.833794
v 3.012824 0.000000 -0.829336
v 3.017359 -0.003913 -0.829003
v 3.012639 -0.001146 -0.832330
v 3.014700 -0.001654 -0.831466
v 3.015817 -0.001146 -0.829531
v 3.015045 -0.003913 -0.831858
v 3.031190 -0.003913 -0.792448
v 3.032754 -0.003913 -0.798044
v 3.029421 0.000000 -0.795959
v 3.033023 -0.003913 -0.794952
v 3.032357 -0.001654 -0.795138
v 3.031773 -0.001146 -0.797435
v 3.030666 -0.001146 -0.793478
v 2.938396 -0.003913 -0.859392
v 2.937405 -0.003913 -0.863507
v 2.927667 0.000000 -0.858984
v 2.936575 -0.003913 -0.861130
v 2.934441 -0.001654 -0.860616
v 2.933121 -0.001146 -0.860686
v 2.933298 -0.001146 -0.859954
v 3.069426 0.000000 -0.995097
v 3.072190 -0.003913 -0.992308
v 3.071381 -0.001146 -0.993125
v 3.013241 -0.003913 -0.942819
v 3.010561 0.000000 -0.945679
v 3.012456 -0.001146 -0.943657
v 3.150730 -0.003913 -1.084244
v 3.147476 0.000000 -1.086459
v 3.149777 -0.001146 -1.084893
v 3.206326 -0.003913 -1.188984
v 3.202927 0.000000 -1.190926
v 3.205331 -0.001146 -1.189553
v 3.249361 -0.003913 -1.259313
v 3.246438 0.000000 -1.262033
v 3.248505 -0.001146 -1.260109
v 1.401515 -0.262601 -2.050353
v 1.407328 -0.262601 -2.055161
v 1.406345 -0.266514 -2.050432
v 1.404146 -0.262601 -2.053090
v 1.404489 -0.264860 -2.052675
v 1.406505 -0.265368 -2.053536
v 1.403266 -0.265368 -2.050857
v 0.883375 -0.262601 -1.785861
v 0.890440 -0.262601 -1.785487
v 0.886591 -0.266514 -1.779682
v 0.886871 -0.262601 -1.784983
v 0.886815 -0.264860 -1.783915
v 0.888208 -0.265368 -1.783335
v 0.885367 -0.265368 -1.783485
v -0.125419 -0.262601 -1.783444
v -0.122761 -0.266514 -1.780527
v -0.124640 -0.265368 -1.782590
v -0.348418 -0.262601 -1.581546
v -0.347016 -0.262601 -1.588075
v -0.345228 -0.266514 -1.584276
v -0.348646 -0.262601 -1.585009
v -0.347921 -0.264860 -1.584854
v -0.346390 -0.265368 -1.586940
v -0.347382 -0.265368 -1.582323
v -0.577436 -0.262601 -0.614731
v -0.584598 -0.262601 -0.613022
v -0.582290 -0.266514 -0.619211
v -0.581145 -0.262601 -0.614411
v -0.581367 -0.264860 -0.615342
v -0.583000 -0.265368 -0.615439
v -0.579953 -0.265368 -0.616166
v -0.520779 -0.262601 -0.608393
v -0.513572 -0.266514 -0.611524
v -0.516177 -0.262601 -0.604110
v -0.517266 -0.265368 -0.609153
v -0.516902 -0.264860 -0.607946
v -0.515671 -0.265368 -0.607669
v -0.517821 -0.262601 -0.606958
v -0.454610 -0.262601 -0.319869
v -0.454254 -0.262601 -0.319999
v -0.425360 -0.266514 -0.240365
v -0.453877 -0.262601 -0.318413
v -0.446611 -0.264860 -0.298526
v -0.440581 -0.265368 -0.279941
v -0.439239 -0.265368 -0.280431
v -0.746720 -0.262601 -0.427147
v -0.745178 -0.266514 -0.423551
v -0.746268 -0.265368 -0.426094
v -0.939889 -0.262601 -0.348298
v -0.940286 -0.266514 -0.343910
v -0.944611 -0.262601 -0.343064
v -0.939860 -0.265368 -0.346882
v -0.942297 -0.264860 -0.345724
v -0.943199 -0.265368 -0.343181
v -0.942918 -0.262601 -0.346284
v -0.976501 -0.262601 -0.234046
v -0.972717 -0.266514 -0.233042
v -0.973817 -0.262601 -0.229286
v -0.975392 -0.265368 -0.233753
v -0.975536 -0.264860 -0.231454
v -0.973495 -0.265368 -0.230386
v -0.976170 -0.262601 -0.231096
v -0.761663 -0.262601 -0.172901
v -0.745847 -0.266514 -0.172746
v -0.761484 -0.262601 -0.170369
v -0.753963 -0.265368 -0.172040
v -0.756490 -0.264860 -0.171994
v -0.753982 -0.265368 -0.172304
v -0.760044 -0.262601 -0.171743
v -2.675154 -0.262601 0.791174
v -2.669677 -0.262601 0.786271
v -2.670532 -0.266514 0.790826
v -2.672786 -0.262601 0.788308
v -2.672437 -0.264860 0.788699
v -2.670405 -0.265368 0.787796
v -2.673558 -0.265368 0.790618
v -2.895127 -0.262601 1.203313
v -2.892309 -0.266514 1.206343
v -2.894537 -0.262601 1.209830
v -2.894221 -0.265368 1.204193
v -2.895081 -0.264860 1.206594
v -2.893804 -0.265368 1.208802
v -2.895797 -0.262601 1.206659
v -2.530779 -0.262601 1.668325
v -2.526411 -0.266514 1.667535
v -2.524436 -0.262601 1.671510
v -2.529405 -0.265368 1.667906
v -2.527626 -0.264860 1.669953
v -2.524920 -0.265368 1.670158
v -2.528009 -0.262601 1.670716
v -2.362437 -0.266514 1.672542
v -2.362725 -0.262601 1.676448
v -2.362641 -0.265368 1.675304
v -2.107942 -0.262601 1.706321
v -2.104668 -0.266514 1.702765
v -2.100482 -0.262601 1.705181
v -2.106400 -0.265368 1.705348
v -2.104229 -0.264860 1.705644
v -2.102245 -0.265368 1.704713
v -2.104147 -0.262601 1.706176
v -1.882560 -0.262601 1.607910
v -1.882258 -0.266514 1.603490
v -1.877928 -0.262601 1.602548
v -1.882628 -0.265368 1.606480
v -1.880210 -0.264860 1.605259
v -1.879353 -0.265368 1.602689
v -1.879567 -0.262601 1.605815
v -1.831956 -0.266514 1.424572
v -1.828462 -0.262601 1.426602
v -1.829485 -0.265368 1.426008
v -1.531410 -0.262601 1.273378
v -1.532287 -0.266514 1.269482
v -1.531667 -0.265368 1.272237
v -1.363140 -0.262601 1.079303
v -1.369753 -0.262601 1.079787
v -1.366935 -0.266514 1.072866
v -1.366509 -0.262601 1.078686
v -1.366599 -0.264860 1.077461
v -1.367865 -0.265368 1.076980
v -1.365417 -0.265368 1.076801
v -1.015618 -0.262601 1.148507
v -1.016437 -0.266514 1.144675
v -1.015858 -0.265368 1.147385
v -0.897318 -0.262601 1.061786
v -0.904125 -0.262601 1.060146
v -0.899288 -0.266514 1.055015
v -0.900552 -0.262601 1.060262
v -0.900295 -0.264860 1.059197
v -0.901524 -0.265368 1.058370
v -0.898824 -0.265368 1.059021
v 2.605258 -0.262601 1.324228
v 2.599340 -0.262601 1.328580
v 2.600629 -0.266514 1.324133
v 2.602630 -0.262601 1.326854
v 2.602320 -0.264860 1.326432
v 2.600210 -0.265368 1.327134
v 2.603619 -0.265368 1.324628
v 2.794641 -0.262601 1.314079
v 2.789970 -0.262601 1.318658
v 2.790532 -0.266514 1.314560
v 2.792984 -0.262601 1.317061
v 2.792481 -0.264860 1.316548
v 2.790079 -0.265368 1.317401
v 2.793381 -0.265368 1.314163
v 2.828385 -0.262601 1.196029
v 2.824419 -0.266514 1.195483
v 2.827223 -0.265368 1.195869
v 2.637003 -0.262601 0.907131
v 2.634249 -0.266514 0.909913
v 2.636196 -0.265368 0.907946
v 3.302905 -0.262601 -1.301501
v 3.299697 -0.262601 -1.295311
v 3.298980 -0.266514 -1.299609
v 3.302109 -0.262601 -1.297987
v 3.301389 -0.264860 -1.298361
v 3.299333 -0.265368 -1.296650
v 3.301601 -0.265368 -1.301026
v 2.836740 -0.262601 -2.235772
v 2.836646 -0.266514 -2.231860
v 2.836712 -0.265368 -2.234627
v 2.462370 -0.266514 -2.247944
v 2.462419 -0.262601 -2.251858
v 2.462405 -0.265368 -2.250711
v 1.965149 -0.266514 -2.238862
v 1.964778 -0.262601 -2.242768
v 1.964886 -0.265368 -2.241624
v 1.786870 -0.266514 -2.208015
v 1.785859 -0.262601 -2.211811
v 1.786155 -0.265368 -2.210699
v 1.633138 -0.266514 -2.152047
v 1.631668 -0.262601 -2.155676
v 1.632099 -0.265368 -2.154613
v 3.308739 -0.262601 -2.227754
v 3.304826 -0.266514 -2.227787
v 3.304851 -0.262601 -2.231701
v 3.307593 -0.265368 -2.227764
v 3.307100 -0.264860 -2.230027
v 3.304844 -0.265368 -2.230554
v 3.307611 -0.262601 -2.230531
v 1.317924 -0.262601 -1.798199
v 1.321872 -0.262601 -1.800308
v 1.324634 -0.266514 -1.790388
v 1.320524 -0.262601 -1.798081
v 1.321500 -0.264860 -1.796254
v 1.322448 -0.265368 -1.795444
v 1.321647 -0.265368 -1.795016
v 0.517574 -0.262601 -1.955493
v 0.516106 -0.266514 -1.951861
v 0.517144 -0.265368 -1.954429
v 1.345126 -0.266514 -1.962814
v 1.341357 -0.262601 -1.964251
v 1.342461 -0.265368 -1.963830
v 0.663374 -0.266514 -1.900008
v 0.664962 -0.262601 -1.903598
v 0.664497 -0.265368 -1.902547
v 1.144763 -0.262601 -1.886431
v 1.141099 -0.266514 -1.883906
v 1.137655 -0.262601 -1.886725
v 1.143681 -0.265368 -1.885476
v 1.141211 -0.264860 -1.886610
v 1.138655 -0.265368 -1.885683
v 1.141246 -0.262601 -1.887468
v 0.137028 -0.262601 -1.988014
v 0.138635 -0.266514 -1.984374
v 0.137499 -0.265368 -1.986948
v -0.229036 -0.266514 -1.706485
v -0.231598 -0.262601 -1.709469
v -0.230848 -0.265368 -1.708595
v -0.380071 -0.262601 -1.404737
v -0.376920 -0.266514 -1.402396
v -0.379148 -0.265368 -1.404051
v 0.358068 -0.262601 -2.028625
v 0.353945 -0.266514 -2.026210
v 0.350643 -0.262601 -2.029664
v 0.356344 -0.265368 -2.028154
v 0.354346 -0.264860 -2.029076
v 0.352171 -0.265368 -2.028738
v 0.354420 -0.262601 -2.029604
v -0.033791 -0.262601 -1.891938
v -0.031356 -0.266514 -1.888756
v -0.033078 -0.265368 -1.891006
v 0.243797 -0.266514 -2.009372
v 0.243048 -0.262601 -2.013216
v 0.243268 -0.265368 -2.012090
v 0.063010 -0.266514 -1.932785
v 0.061067 -0.262601 -1.936196
v 0.061636 -0.265368 -1.935197
v -0.321289 -0.262601 -1.504122
v -0.315679 -0.266514 -1.499945
v -0.322075 -0.262601 -1.497116
v -0.319249 -0.265368 -1.501766
v -0.319912 -0.264860 -1.500420
v -0.319563 -0.265368 -1.498961
v -0.320983 -0.262601 -1.500541
v -0.505948 -0.266514 -1.254373
v -0.508500 -0.262601 -1.257400
v -0.507752 -0.265368 -1.256513
v -0.712847 -0.262601 -1.095299
v -0.709596 -0.266514 -1.093026
v -0.711895 -0.265368 -1.094633
v -0.619104 -0.266514 -1.185507
v -0.621557 -0.262601 -1.188594
v -0.620839 -0.265368 -1.187690
v -0.802950 -0.266514 -0.897706
v -0.806857 -0.262601 -0.898605
v -0.805713 -0.265368 -0.898342
v -0.758738 -0.262601 -0.631510
v -0.755654 -0.266514 -0.633940
v -0.757835 -0.265368 -0.632222
v -0.808239 -0.262601 -0.688652
v -0.804341 -0.266514 -0.686267
v -0.805599 -0.262601 -0.681874
v -0.807100 -0.265368 -0.687464
v -0.806989 -0.264860 -0.685235
v -0.805563 -0.265368 -0.683518
v -0.807476 -0.262601 -0.685046
v -0.699620 -0.262601 -0.542362
v -0.696347 -0.266514 -0.544506
v -0.694184 -0.262601 -0.541245
v -0.698661 -0.265368 -0.542990
v -0.696988 -0.264860 -0.541386
v -0.694817 -0.265368 -0.542200
v -0.697132 -0.262601 -0.540684
v -0.473350 -0.266514 -0.394487
v -0.477155 -0.262601 -0.393545
v -0.476040 -0.265368 -0.393821
v -0.537657 -0.262601 -0.516983
v -0.541226 -0.266514 -0.515375
v -0.542745 -0.262601 -0.518982
v -0.538703 -0.265368 -0.516511
v -0.540043 -0.264860 -0.518385
v -0.542300 -0.265368 -0.517925
v -0.539777 -0.262601 -0.519062
v -1.348890 -0.262601 0.135843
v -1.346869 -0.266514 0.139331
v -1.348298 -0.265368 0.136865
v -1.111429 -0.262601 -0.130121
v -1.105913 -0.262601 -0.133244
v -1.107421 -0.266514 -0.129476
v -1.109164 -0.262601 -0.132553
v -1.108821 -0.264860 -0.131947
v -1.106330 -0.265368 -0.132097
v -1.110230 -0.265368 -0.129889
v -1.559769 -0.262601 0.253042
v -1.560538 -0.266514 0.256908
v -1.559994 -0.265368 0.254174
v -0.902230 -0.266514 -0.106473
v -0.902813 -0.262601 -0.110476
v -0.902642 -0.265368 -0.109303
v -1.474080 -0.262601 0.256605
v -1.475442 -0.266514 0.263356
v -1.480798 -0.262601 0.259026
v -1.475324 -0.265368 0.259397
v -1.476860 -0.264860 0.259422
v -1.478059 -0.265368 0.260383
v -1.477214 -0.262601 0.258439
v -1.213615 -0.262601 0.093431
v -1.212428 -0.266514 0.100246
v -1.218999 -0.262601 0.098082
v -1.213759 -0.265368 0.096502
v -1.215177 -0.264860 0.097065
v -1.215940 -0.265368 0.098386
v -1.215866 -0.262601 0.096267
v -1.902158 -0.262601 0.517561
v -1.899307 -0.266514 0.514773
v -1.901323 -0.265368 0.516745
v -1.847145 -0.262601 0.201152
v -1.839896 -0.262601 0.199443
v -1.842853 -0.266514 0.203130
v -1.843635 -0.262601 0.199813
v -1.843514 -0.264860 0.200328
v -1.841309 -0.265368 0.200478
v -1.845418 -0.265368 0.201447
v -1.685636 -0.266514 0.215843
v -1.684858 -0.262601 0.211981
v -1.685086 -0.265368 0.213112
v -2.117861 -0.262601 0.364783
v -2.113998 -0.266514 0.367020
v -2.117986 -0.262601 0.369025
v -2.116597 -0.265368 0.365442
v -2.118296 -0.264860 0.366893
v -2.116685 -0.265368 0.368442
v -2.119417 -0.262601 0.366860
v -1.799058 -0.262601 0.674757
v -1.792582 -0.266514 0.677496
v -1.798200 -0.262601 0.681724
v -1.796498 -0.265368 0.676571
v -1.796836 -0.264860 0.678020
v -1.796156 -0.265368 0.679343
v -1.797918 -0.262601 0.678153
v -2.285887 -0.262601 0.780830
v -2.287398 -0.266514 0.784455
v -2.286329 -0.265368 0.781892
v -1.876503 -0.262601 0.906267
v -1.875348 -0.266514 0.914839
v -1.881522 -0.262601 0.908781
v -1.876691 -0.265368 0.910286
v -1.877794 -0.264860 0.909956
v -1.878191 -0.265368 0.911038
v -1.878507 -0.262601 0.908534
v -2.442285 -0.262601 0.698651
v -2.445972 -0.266514 0.701133
v -2.449383 -0.262601 0.698282
v -2.443376 -0.265368 0.699591
v -2.445832 -0.264860 0.698431
v -2.448395 -0.265368 0.699331
v -2.445788 -0.262601 0.697575
v -1.683029 -0.262601 1.279209
v -1.681950 -0.266514 1.272544
v -1.676368 -0.262601 1.276343
v -1.681912 -0.265368 1.276446
v -1.680336 -0.264860 1.276295
v -1.679143 -0.265368 1.275254
v -1.679940 -0.262601 1.277216
v -1.455761 -0.262601 1.142900
v -1.459905 -0.262601 1.149000
v -1.462350 -0.266514 1.142881
v -1.458281 -0.262601 1.145645
v -1.459069 -0.264860 1.145110
v -1.460343 -0.265368 1.146146
v -1.458576 -0.265368 1.143544
v -1.186413 -0.262601 1.172874
v -1.182274 -0.266514 1.170637
v -1.179089 -0.262601 1.174099
v -1.184723 -0.265368 1.172472
v -1.182748 -0.264860 1.173470
v -1.180556 -0.265368 1.173169
v -1.182835 -0.262601 1.173991
v -0.941542 -0.262601 1.068776
v -0.944685 -0.262601 1.073510
v -0.949846 -0.266514 1.066675
v -0.944042 -0.262601 1.070527
v -0.945346 -0.264860 1.069661
v -0.946467 -0.265368 1.069954
v -0.945512 -0.265368 1.068515
v -0.230954 -0.262601 1.659719
v -0.230552 -0.262601 1.666007
v -0.237919 -0.266514 1.663321
v -0.231713 -0.262601 1.662924
v -0.233053 -0.264860 1.663010
v -0.233615 -0.265368 1.664143
v -0.233755 -0.265368 1.661958
v 2.744606 -0.262601 1.327583
v 2.738373 -0.262601 1.325243
v 2.742383 -0.266514 1.324033
v 2.741155 -0.262601 1.327305
v 2.741414 -0.264860 1.326615
v 2.739583 -0.265368 1.324794
v 2.743990 -0.265368 1.326449
v 2.804509 -0.266514 1.250234
v 2.808276 -0.262601 1.251324
v 2.807173 -0.265368 1.251005
v 2.819853 -0.262601 1.082578
v 2.815772 -0.266514 1.080486
v 2.816708 -0.262601 1.075996
v 2.818620 -0.265368 1.081471
v 2.818339 -0.264860 1.079259
v 2.816795 -0.265368 1.077650
v 2.818810 -0.262601 1.079034
v -1.490795 -0.262601 1.255119
v -1.490538 -0.266514 1.250713
v -1.486237 -0.262601 1.249729
v -1.490872 -0.265368 1.253700
v -1.488471 -0.264860 1.252462
v -1.487648 -0.265368 1.249889
v -1.487830 -0.262601 1.253004
v -0.939206 -0.262601 1.127739
v -0.939896 -0.266514 1.123871
v -0.936100 -0.262601 1.122857
v -0.939412 -0.265368 1.126603
v -0.937313 -0.264860 1.125514
v -0.937216 -0.265368 1.123152
v -0.936728 -0.262601 1.125886
v -0.637475 -0.262601 1.421029
v -0.644224 -0.262601 1.418028
v -0.638639 -0.266514 1.414558
v -0.640631 -0.262601 1.419039
v -0.640246 -0.264860 1.418172
v -0.641497 -0.265368 1.417101
v -0.638612 -0.265368 1.418383
v -0.742166 -0.262601 1.302343
v -0.738908 -0.266514 1.300175
v -0.741212 -0.265368 1.301708
v -0.334920 -0.262601 1.736309
v -0.333948 -0.262601 1.729101
v -0.328829 -0.266514 1.733461
v -0.333841 -0.262601 1.732785
v -0.332856 -0.264860 1.732918
v -0.332175 -0.265368 1.731477
v -0.332581 -0.265368 1.734488
v -0.832622 -0.262601 1.116747
v -0.836396 -0.262601 1.110497
v -0.829713 -0.266514 1.110725
v -0.834010 -0.262601 1.113320
v -0.833168 -0.264860 1.112812
v -0.833551 -0.265368 1.111251
v -0.831965 -0.265368 1.113877
v -0.453720 -0.262601 1.562742
v -0.450791 -0.266514 1.559965
v -0.452862 -0.265368 1.561928
v -0.763354 -0.262601 1.391599
v -0.762146 -0.262601 1.387486
v -0.759036 -0.266514 1.390634
v -0.764170 -0.262601 1.389125
v -0.763115 -0.264860 1.389435
v -0.761117 -0.265368 1.388443
v -0.761971 -0.265368 1.391351
v -0.660659 -0.262601 1.827953
v -0.656049 -0.262601 1.824254
v -0.656716 -0.266514 1.828144
v -0.659025 -0.262601 1.825266
v -0.658595 -0.264860 1.825803
v -0.656238 -0.265368 1.825402
v -0.659497 -0.265368 1.828017
v -0.872193 -0.266514 1.077810
v -0.874652 -0.262601 1.080855
v -0.873932 -0.265368 1.079963
v -0.552850 -0.266514 1.495334
v -0.555259 -0.262601 1.498440
v -0.554553 -0.265368 1.497530
v -0.700422 -0.262601 1.364899
v -0.692066 -0.266514 1.370371
v -0.701995 -0.262601 1.369287
v -0.696918 -0.265368 1.368085
v -0.698116 -0.264860 1.368202
v -0.697265 -0.265368 1.369054
v -0.699983 -0.262601 1.367533
v -0.404035 -0.262601 1.830590
v -0.397357 -0.262601 1.827270
v -0.398340 -0.266514 1.833669
v -0.400477 -0.262601 1.829370
v -0.400069 -0.264860 1.830191
v -0.398412 -0.265368 1.829888
v -0.401311 -0.265368 1.831329
v -0.817009 -0.266514 1.182622
v -0.820720 -0.262601 1.184107
v -0.819633 -0.265368 1.183672
v -0.412557 -0.262601 1.636113
v -0.408081 -0.266514 1.636094
v -0.406826 -0.262601 1.640390
v -0.411109 -0.265368 1.635925
v -0.409699 -0.264860 1.638262
v -0.407057 -0.265368 1.638949
v -0.410222 -0.262601 1.638963
v -0.750597 -0.262601 1.406577
v -0.746129 -0.266514 1.405787
v -0.744159 -0.262601 1.409874
v -0.748980 -0.265368 1.406707
v -0.747422 -0.264860 1.408312
v -0.745210 -0.265368 1.408639
v -0.747660 -0.262601 1.408777
v -0.680732 -0.262601 2.059607
v -0.677314 -0.262601 2.053895
v -0.676841 -0.266514 2.058057
v -0.679840 -0.262601 2.056262
v -0.679208 -0.264860 2.056640
v -0.677089 -0.265368 2.055166
v -0.679506 -0.265368 2.059205
v -0.369459 -0.266514 1.805691
v -0.372590 -0.262601 1.803277
v -0.371673 -0.265368 1.803984
v -0.603543 -0.262601 1.928880
v -0.601265 -0.266514 1.925696
v -0.602876 -0.265368 1.927948
v -0.526350 -0.266514 1.853451
v -0.526115 -0.262601 1.849455
v -0.526184 -0.265368 1.850626
v -0.356827 -0.262601 1.651709
v -0.349796 -0.266514 1.649289
v -0.352064 -0.262601 1.656370
v -0.353490 -0.265368 1.651289
v -0.353000 -0.264860 1.652562
v -0.351717 -0.265368 1.653025
v -0.353851 -0.262601 1.653432
v 2.430897 -0.262601 1.377348
v 2.428702 -0.262601 1.382024
v 2.421772 -0.266514 1.375917
v 2.428697 -0.262601 1.379168
v 2.427099 -0.264860 1.378418
v 2.425979 -0.265368 1.378646
v 2.426559 -0.265368 1.377411
v -0.669009 -0.262601 1.873871
v -0.665433 -0.266514 1.876081
v -0.666613 -0.262601 1.880115
v -0.667862 -0.265368 1.874480
v -0.668003 -0.264860 1.877067
v -0.666168 -0.265368 1.878895
v -0.668696 -0.262601 1.877333
v -0.231787 -0.262601 2.117275
v -0.232961 -0.262601 2.120345
v -0.237760 -0.266514 2.116751
v -0.230572 -0.262601 2.119499
v -0.232298 -0.264860 2.118839
v -0.234795 -0.265368 2.119128
v -0.233965 -0.265368 2.116957
v -0.533148 -0.262601 1.975384
v -0.522165 -0.266514 1.977950
v -0.533358 -0.262601 1.979340
v -0.528103 -0.265368 1.977343
v -0.529515 -0.264860 1.977561
v -0.528135 -0.265368 1.977926
v -0.531857 -0.262601 1.977436
v -0.611293 -0.266514 1.829897
v -0.610687 -0.262601 1.826004
v -0.610865 -0.265368 1.827144
v -0.679480 -0.262601 2.146962
v -0.675570 -0.266514 2.146689
v -0.675520 -0.262601 2.150608
v -0.678333 -0.265368 2.146881
v -0.677796 -0.264860 2.149107
v -0.675533 -0.265368 2.149458
v -0.678298 -0.262601 2.149652
v -0.205777 -0.262601 1.785564
v -0.209134 -0.262601 1.792182
v -0.210027 -0.266514 1.787568
v -0.206996 -0.262601 1.789106
v -0.207467 -0.264860 1.788868
v -0.209012 -0.265368 1.790452
v -0.207100 -0.265368 1.786684
v 0.120315 -0.262601 1.788292
v 0.123699 -0.266514 1.786217
v 0.121306 -0.265368 1.787684
v -0.383656 -0.266514 1.819445
v -0.386379 -0.262601 1.816635
v -0.385581 -0.265368 1.817458
v -0.379515 -0.262601 1.965610
v -0.387763 -0.266514 1.962751
v -0.379459 -0.262601 1.960061
v -0.383058 -0.265368 1.963615
v -0.382244 -0.264860 1.962808
v -0.383042 -0.265368 1.961983
v -0.380629 -0.262601 1.962824
v -0.195051 -0.262601 1.712815
v -0.198609 -0.266514 1.710114
v -0.196998 -0.262601 1.705948
v -0.196309 -0.265368 1.712084
v -0.196006 -0.264860 1.709376
v -0.197685 -0.265368 1.707229
v -0.195170 -0.262601 1.709139
v -0.080224 -0.262601 1.576852
v -0.075222 -0.262601 1.582304
v -0.079834 -0.266514 1.581514
v -0.077334 -0.262601 1.579221
v -0.077722 -0.264860 1.579577
v -0.076785 -0.265368 1.581586
v -0.079643 -0.265368 1.578470
v -0.098274 -0.262601 1.687341
v -0.104690 -0.262601 1.686180
v -0.101031 -0.266514 1.684268
v -0.101655 -0.262601 1.687717
v -0.101528 -0.264860 1.687013
v -0.103605 -0.265368 1.685545
v -0.099068 -0.265368 1.686365
v -0.457288 -0.262601 1.257837
v -0.453998 -0.262601 1.264086
v -0.460971 -0.266514 1.263766
v -0.456260 -0.262601 1.261287
v -0.457211 -0.264860 1.261787
v -0.457000 -0.265368 1.263277
v -0.458319 -0.265368 1.260770
v -0.195432 -0.262601 1.604415
v -0.194040 -0.266514 1.595006
v -0.190495 -0.262601 1.603832
v -0.194054 -0.265368 1.600148
v -0.193327 -0.264860 1.601047
v -0.192828 -0.265368 1.600003
v -0.193110 -0.262601 1.602880
v -0.237670 -0.262601 1.491483
v -0.244320 -0.266514 1.492328
v -0.242371 -0.262601 1.485914
v -0.240609 -0.265368 1.491193
v -0.241226 -0.264860 1.489716
v -0.242579 -0.265368 1.488860
v -0.240472 -0.262601 1.489079
v -0.043941 -0.262601 1.663923
v -0.045503 -0.266514 1.660335
v -0.041910 -0.262601 1.658786
v -0.044399 -0.265368 1.662872
v -0.042527 -0.264860 1.661512
v -0.042962 -0.265368 1.659240
v -0.041858 -0.262601 1.661777
v -0.278611 -0.262601 1.305977
v -0.275651 -0.266514 1.303413
v -0.277744 -0.265368 1.305227
v -0.462954 -0.262601 1.113627
v -0.467429 -0.266514 1.099407
v -0.460428 -0.262601 1.112568
v -0.464382 -0.265368 1.106485
v -0.463563 -0.264860 1.108632
v -0.464519 -0.265368 1.106543
v -0.462278 -0.262601 1.111697
v -0.270311 -0.262601 1.403875
v -0.274885 -0.266514 1.402582
v -0.274709 -0.262601 1.397832
v -0.271831 -0.265368 1.402967
v -0.272551 -0.264860 1.400883
v -0.274313 -0.265368 1.399557
v -0.272122 -0.262601 1.400571
v -0.036690 -0.266514 1.603127
v -0.039693 -0.262601 1.605637
v -0.038813 -0.265368 1.604902
v 1.648267 -0.262601 1.911864
v 1.646056 -0.262601 1.904714
v 1.649978 -0.266514 1.907418
v 1.646709 -0.262601 1.908429
v 1.647218 -0.264860 1.908271
v 1.647207 -0.265368 1.906068
v 1.648452 -0.265368 1.910096
v 1.529523 -0.262601 2.070044
v 1.526014 -0.266514 2.068091
v 1.528495 -0.265368 2.069472
v 2.235449 -0.262601 1.647570
v 2.228164 -0.262601 1.648261
v 2.231280 -0.266514 1.642369
v 2.231752 -0.262601 1.647344
v 2.231660 -0.264860 1.646373
v 2.230079 -0.265368 1.646043
v 2.233151 -0.265368 1.645751
v 0.409516 -0.262601 2.173456
v 0.402632 -0.262601 2.170897
v 0.407056 -0.266514 2.169535
v 0.405879 -0.262601 2.172702
v 0.406062 -0.264860 2.172210
v 0.404317 -0.265368 2.170831
v 0.408283 -0.265368 2.172306
v 1.778223 -0.262601 1.856954
v 1.771588 -0.262601 1.858229
v 1.774422 -0.266514 1.855080
v 1.775082 -0.262601 1.858513
v 1.774940 -0.264860 1.857771
v 1.772395 -0.265368 1.857188
v 1.777087 -0.265368 1.856287
v 1.627046 -0.262601 1.884741
v 1.621610 -0.262601 1.888168
v 1.622978 -0.266514 1.884312
v 1.624854 -0.262601 1.887289
v 1.624479 -0.264860 1.886693
v 1.621978 -0.265368 1.886986
v 1.625821 -0.265368 1.884563
v 2.469947 -0.262601 1.604625
v 2.468961 -0.266514 1.600778
v 2.469658 -0.265368 1.603498
v 0.209423 -0.266514 2.000071
v 0.206148 -0.262601 2.002417
v 0.207108 -0.265368 2.001730
v 1.741139 -0.262601 1.927549
v 1.737884 -0.262601 1.932325
v 1.737313 -0.266514 1.928439
v 1.740418 -0.262601 1.930555
v 1.739845 -0.264860 1.930164
v 1.737713 -0.265368 1.931184
v 1.740015 -0.265368 1.927807
v 1.581432 -0.262601 1.890167
v 1.579612 -0.266514 1.882360
v 1.586426 -0.262601 1.886584
v 1.581301 -0.265368 1.886489
v 1.582529 -0.264860 1.886425
v 1.582983 -0.265368 1.885282
v 1.583344 -0.262601 1.887560
v 2.309655 -0.262601 1.617432
v 2.304169 -0.262601 1.621321
v 2.303121 -0.266514 1.614029
v 2.306433 -0.262601 1.618700
v 2.305742 -0.264860 1.617725
v 2.304386 -0.265368 1.618003
v 2.306453 -0.265368 1.616539
v 1.429302 -0.262601 2.176667
v 1.431481 -0.266514 2.172761
v 1.435837 -0.262601 2.173776
v 1.429848 -0.265368 2.175316
v 1.432576 -0.264860 2.175236
v 1.434470 -0.265368 2.173271
v 1.432929 -0.262601 2.176033
v 1.985205 -0.262601 1.769358
v 1.984011 -0.266514 1.765576
v 1.984855 -0.265368 1.768250
v 1.644318 -0.262601 1.843994
v 1.649695 -0.266514 1.821282
v 1.645858 -0.262601 1.844304
v 1.647753 -0.265368 1.832954
v 1.646491 -0.264860 1.837186
v 1.646966 -0.265368 1.832796
v 1.645402 -0.262601 1.842593
v 2.513030 -0.262601 1.585273
v 2.511466 -0.266514 1.581686
v 2.515036 -0.262601 1.580083
v 2.512572 -0.265368 1.584222
v 2.514430 -0.264860 1.582831
v 2.513990 -0.265368 1.580552
v 2.515096 -0.262601 1.583089
v 1.670459 -0.262601 1.944541
v 1.674379 -0.266514 1.943349
v 1.676465 -0.262601 1.946876
v 1.671630 -0.265368 1.944132
v 1.673361 -0.264860 1.945967
v 1.675877 -0.265368 1.945783
v 1.673105 -0.262601 1.946626
v 2.282572 -0.262601 1.660490
v 2.284133 -0.266514 1.656860
v 2.287932 -0.262601 1.657947
v 2.283024 -0.265368 1.659416
v 2.285416 -0.264860 1.659564
v 2.286814 -0.265368 1.657618
v 2.285710 -0.262601 1.660184
v 1.854429 -0.262601 1.790247
v 1.855669 -0.266514 1.783961
v 1.861246 -0.262601 1.787115
v 1.855583 -0.265368 1.787714
v 1.857271 -0.264860 1.787447
v 1.858573 -0.265368 1.786340
v 1.857645 -0.262601 1.788262
v 1.729652 -0.262601 1.847109
v 1.724313 -0.266514 1.837397
v 1.732789 -0.262601 1.844537
v 1.727785 -0.265368 1.842138
v 1.728889 -0.264860 1.842979
v 1.728281 -0.265368 1.841732
v 1.730342 -0.262601 1.844751
v 2.092982 -0.266514 1.710321
v 2.094728 -0.262601 1.713824
v 2.094216 -0.265368 1.712798
v 2.664131 -0.262601 1.235270
v 2.666044 -0.266514 1.225290
v 2.668684 -0.262601 1.235103
v 2.665763 -0.265368 1.230727
v 2.666285 -0.264860 1.231838
v 2.666723 -0.265368 1.230692
v 2.666360 -0.262601 1.233870
v 2.514030 -0.266514 1.349205
v 2.515119 -0.262601 1.352964
v 2.514800 -0.265368 1.351863
v 2.486838 -0.262601 0.405296
v 2.487435 -0.262601 0.412828
v 2.484113 -0.266514 0.409302
v 2.487558 -0.262601 0.409028
v 2.487020 -0.264860 0.409071
v 2.486571 -0.265368 0.411213
v 2.486239 -0.265368 0.407026
v 2.388291 -0.262601 0.668085
v 2.389618 -0.262601 0.674040
v 2.381663 -0.266514 0.672688
v 2.387963 -0.262601 0.671283
v 2.386584 -0.264860 0.671591
v 2.386147 -0.265368 0.672731
v 2.385704 -0.265368 0.670744
v 2.315403 -0.262601 -0.092798
v 2.312067 -0.262601 -0.086667
v 2.308328 -0.266514 -0.092675
v 2.313092 -0.262601 -0.090083
v 2.312122 -0.264860 -0.090611
v 2.311007 -0.265368 -0.089647
v 2.312325 -0.265368 -0.092069
v 2.488828 -0.266514 0.758409
v 2.491473 -0.262601 0.755514
v 2.490698 -0.265368 0.756362
v 2.452257 -0.262601 0.308439
v 2.448021 -0.266514 0.308212
v 2.447088 -0.262601 0.304075
v 2.450937 -0.265368 0.308466
v 2.449788 -0.264860 0.306120
v 2.447282 -0.265368 0.305380
v 2.450277 -0.262601 0.305540
v 2.467460 -0.266514 0.498423
v 2.471207 -0.262601 0.499669
v 2.470109 -0.265368 0.499304
v 2.529001 -0.262601 -0.239975
v 2.531666 -0.266514 -0.246563
v 2.535900 -0.262601 -0.240855
v 2.530794 -0.265368 -0.242602
v 2.532216 -0.264860 -0.242257
v 2.533505 -0.265368 -0.242948
v 2.532357 -0.262601 -0.241152
v 2.212744 -0.262601 0.075750
v 2.209659 -0.262601 0.080468
v 2.204384 -0.266514 0.073650
v 2.210260 -0.262601 0.077493
v 2.208937 -0.264860 0.076628
v 2.207818 -0.265368 0.076908
v 2.208745 -0.265368 0.075490
v 2.249166 -0.262601 0.269220
v 2.241971 -0.266514 0.271926
v 2.244584 -0.262601 0.264697
v 2.245709 -0.265368 0.269775
v 2.245318 -0.264860 0.268536
v 2.244074 -0.265368 0.268161
v 2.246228 -0.262601 0.267614
v 2.304130 -0.262601 0.054825
v 2.304122 -0.266514 0.050812
v 2.308059 -0.262601 0.050040
v 2.304102 -0.265368 0.053628
v 2.306355 -0.264860 0.052646
v 2.306880 -0.265368 0.050245
v 2.306886 -0.262601 0.053082
v 3.024743 -0.262601 -0.439855
v 3.021713 -0.266514 -0.442508
v 3.023856 -0.265368 -0.440632
v 2.667616 -0.262601 -0.192861
v 2.670713 -0.266514 -0.195897
v 2.674494 -0.262601 -0.193771
v 2.668501 -0.265368 -0.193913
v 2.671070 -0.264860 -0.193205
v 2.673365 -0.265368 -0.194556
v 2.671175 -0.262601 -0.192410
v 2.988116 -0.262601 -0.765195
v 2.984312 -0.262601 -0.759222
v 2.981163 -0.266514 -0.765426
v 2.985632 -0.262601 -0.762579
v 2.984732 -0.264860 -0.763152
v 2.983541 -0.265368 -0.762221
v 2.985072 -0.265368 -0.764626
v 2.982128 -0.262601 -0.559412
v 2.985006 -0.262601 -0.553938
v 2.977062 -0.266514 -0.553255
v 2.982688 -0.262601 -0.556213
v 2.981462 -0.264860 -0.555569
v 2.981369 -0.265368 -0.554334
v 2.980393 -0.265368 -0.556192
v 3.063345 -0.262601 -0.513982
v 3.059776 -0.266514 -0.515601
v 3.061591 -0.262601 -0.519074
v 3.062298 -0.265368 -0.514456
v 3.062881 -0.264860 -0.516671
v 3.061058 -0.265368 -0.518056
v 3.063581 -0.262601 -0.516912
v 2.996537 -0.262601 -0.640609
v 2.993121 -0.266514 -0.643758
v 2.995290 -0.262601 -0.647866
v 2.995627 -0.265368 -0.642042
v 2.995938 -0.264860 -0.644241
v 2.994910 -0.265368 -0.646211
v 2.996454 -0.262601 -0.644330
v 2.976620 -0.262601 -0.680788
v 2.970642 -0.266514 -0.683396
v 2.975187 -0.262601 -0.688073
v 2.974336 -0.265368 -0.682492
v 2.974487 -0.264860 -0.684152
v 2.973719 -0.265368 -0.685631
v 2.975400 -0.262601 -0.684332
v 3.011922 -0.262601 -0.833794
v 3.017359 -0.262601 -0.829003
v 3.012824 -0.266514 -0.829336
v 3.015045 -0.262601 -0.831858
v 3.014700 -0.264860 -0.831466
v 3.015817 -0.265368 -0.829531
v 3.012639 -0.265368 -0.832330
v 3.031190 -0.262601 -0.792448
v 3.029421 -0.266514 -0.795959
v 3.032754 -0.262601 -0.798044
v 3.030666 -0.265368 -0.793478
v 3.032357 -0.264860 -0.795138
v 3.031773 -0.265368 -0.797435
v 3.033023 -0.262601 -0.794952
v 2.938396 -0.262601 -0.859392
v 2.927667 -0.266514 -0.858984
v 2.937405 -0.262601 -0.863507
v 2.933298 -0.265368 -0.859954
v 2.934441 -0.264860 -0.860616
v 2.933121 -0.265368 -0.860686
v 2.936575 -0.262601 -0.861130
v 3.072190 -0.262601 -0.992308
v 3.069426 -0.266514 -0.995097
v 3.071381 -0.265368 -0.993125
v 3.010561 -0.266514 -0.945679
v 3.013241 -0.262601 -0.942819
v 3.012456 -0.265368 -0.943657
v 3.147476 -0.266514 -1.086459
v 3.150730 -0.262601 -1.084244
v 3.149777 -0.265368 -1.084893
v 3.202927 -0.266514 -1.190926
v 3.206326 -0.262601 -1.188984
v 3.205331 -0.265368 -1.189553
v 3.246438 -0.266514 -1.262033
v 3.249361 -0.262601 -1.259313
v 3.248505 -0.265368 -1.260109
vn -0.7154 0.2866 -0.6372
vn -0.3149 0.8695 -0.3806
vn -0.4917 0.2867 -0.8222
vn 0.1303 0.5257 -0.8406
vn 0.0192 0.9316 -0.3630
vn -0.0409 0.5258 -0.8496
vn -0.9363 0.3393 0.0911
vn -0.5033 0.8573 -0.1081
vn -0.8163 0.3392 -0.4675
vn 0.1446 0.4849 0.8625
vn 0.0891 0.9234 0.3734
vn 0.2604 0.4849 0.8349
vn -0.4329 0.6119 0.6620
vn -0.6292 0.6119 0.4793
vn -0.2183 0.9473 0.2346
vn -0.8874 -0.2845 0.3627
vn 0.0091 -0.9996 0.0251
vn 0.9122 -0.2846 -0.2948
vn -0.4915 0.3731 -0.7869
vn -0.8333 0.3730 -0.4080
vn -0.3870 0.8534 -0.3491
vn -0.9426 0.3276 0.0652
vn -0.5439 0.3276 0.7726
vn -0.3965 0.8904 0.2235
vn -0.4100 0.9091 0.0741
vn -0.4164 0.9091 -0.0158
vn 0.1528 -0.9882 -0.0108
vn -0.7625 0.2759 -0.5851
vn -0.3343 0.8653 -0.3734
vn -0.4977 0.2760 -0.8223
vn -0.9186 0.3314 -0.2152
vn -0.8651 0.3314 0.3766
vn -0.5087 0.8597 0.0460
vn -0.6242 0.3789 0.6832
vn -0.1751 0.3790 0.9087
vn -0.2340 0.8533 0.4660
vn 0.0001 0.2869 0.9580
vn 0.2858 0.2868 0.9143
vn 0.0745 0.8696 0.4881
vn 0.5093 0.3775 0.7734
vn 0.8391 0.3775 0.3916
vn 0.3945 0.8533 0.3409
vn -0.0566 0.5774 0.8145
vn 0.0247 0.9412 0.3369
vn 0.1745 0.5774 0.7976
vn -0.2855 0.5351 0.7951
vn -0.0840 0.9334 0.3489
vn -0.1078 0.5350 0.8379
vn 0.7034 0.2758 0.6551
vn 0.2970 0.8653 0.4039
vn 0.4156 0.2757 0.8668
vn 0.8393 0.3310 0.4312
vn 0.3575 0.8598 0.3646
vn 0.4145 0.3311 0.8477
vn 0.9139 0.3642 0.1792
vn 0.4621 0.8539 0.2395
vn 0.6733 0.3643 0.6434
vn 0.8902 0.3249 -0.3193
vn 0.3325 0.3250 -0.8853
vn 0.3278 0.8878 -0.3229
vn -0.1335 0.7595 -0.6367
vn -0.1137 0.9704 -0.2129
vn -0.4550 0.7594 -0.4650
vn 0.2865 0.3810 -0.8791
vn -0.2131 0.3810 -0.8997
vn 0.0215 0.8532 -0.5211
vn 0.2832 0.2833 -0.9163
vn -0.0207 0.2833 -0.9588
vn 0.0688 0.8682 -0.4913
vn -0.8487 0.5289 -0.0071
vn -0.8291 0.5289 -0.1813
vn -0.3597 0.9322 -0.0404
vn -0.9475 0.2735 0.1656
vn -0.8099 0.2735 0.5189
vn -0.4687 0.8643 0.1825
vn -0.5611 0.3246 0.7615
vn 0.2153 0.3245 0.9210
vn -0.0927 0.8875 0.4513
vn 0.6899 0.3275 -0.6456
vn -0.0656 0.3275 -0.9426
vn 0.1665 0.8904 -0.4237
vn -0.7143 0.3227 -0.6210
vn -0.2479 0.8642 -0.4378
vn -0.1649 0.3227 -0.9320
vn -0.3645 0.5171 -0.7744
vn -0.2133 0.5171 -0.8289
vn -0.1247 0.9299 -0.3460
vn -0.6180 0.5206 -0.5891
vn -0.4931 0.5206 -0.6970
vn -0.2393 0.9306 -0.2770
vn -0.3749 0.2804 -0.8837
vn -0.1143 0.8671 -0.4849
vn -0.0593 0.2804 -0.9581
vn -0.6984 0.4119 -0.5853
vn -0.7318 0.4119 0.5430
vn -0.3588 0.9334 -0.0106
vn -0.8241 0.5329 0.1922
vn -0.8461 0.5329 0.0134
vn -0.3572 0.9330 0.0440
vn -0.4679 0.6712 -0.5749
vn -0.1802 0.6712 -0.7190
vn -0.1298 0.9571 -0.2591
vn 0.2964 0.3802 -0.8761
vn -0.2040 0.3802 -0.9021
vn 0.0271 0.8533 -0.5208
vn 0.4056 0.5018 0.7640
vn 0.2758 0.5019 0.8198
vn 0.1484 0.9269 0.3448
vn 0.6901 0.4830 0.5390
vn 0.3183 0.9230 0.2162
vn 0.7554 0.4829 0.4429
vn -0.3196 0.2793 0.9055
vn 0.0073 0.2792 0.9602
vn -0.0824 0.8666 0.4921
vn 0.5199 0.6655 0.5356
vn 0.2440 0.9562 0.1619
vn 0.6954 0.6655 0.2711
vn 0.7876 0.6105 0.0832
vn 0.3205 0.9470 -0.0205
vn 0.7706 0.6105 -0.1830
vn -0.0460 0.3380 0.9400
vn -0.1808 0.8577 0.4814
vn -0.5841 0.3379 0.7380
vn 0.9317 0.2741 -0.2384
vn 0.7709 0.2740 -0.5750
vn 0.4534 0.8646 -0.2166
vn 0.5167 0.3743 0.7700
vn 0.8451 0.3743 0.3817
vn 0.3981 0.8533 0.3367
vn 0.5373 0.3188 0.7808
vn 0.9349 0.3188 0.1557
vn 0.4011 0.8798 0.2552
vn -0.4075 0.4812 0.7761
vn -0.1567 0.9226 0.3524
vn -0.3032 0.4812 0.8225
vn -0.8472 0.4986 -0.1835
vn -0.3736 0.9262 -0.0504
vn -0.8655 0.4987 -0.0476
vn -0.7759 0.4945 0.3917
vn -0.3245 0.9254 0.1959
vn -0.7079 0.4945 0.5043
vn -0.8501 0.4083 0.3324
vn -0.3478 0.9320 -0.1022
vn -0.5352 0.4083 -0.7395
vn -0.8284 0.3174 -0.4615
vn -0.3019 0.8759 -0.3763
vn -0.2710 0.3174 -0.9087
vn -0.6648 0.7456 -0.0459
vn -0.5425 0.7456 -0.3870
vn -0.2346 0.9685 -0.0841
vn -0.3489 0.4693 -0.8112
vn -0.1744 0.9201 -0.3508
vn -0.4363 0.4693 -0.7678
vn -0.7296 0.3859 0.5646
vn -0.3336 0.3858 0.8602
vn -0.3119 0.8532 0.4180
vn -0.6036 0.2725 0.7493
vn -0.2554 0.2724 0.9277
vn -0.2296 0.8639 0.4483
vn -0.9166 0.3379 -0.2136
vn -0.4412 0.8577 -0.2641
vn -0.6214 0.3379 -0.7069
vn -0.4858 0.5739 0.6592
vn -0.6487 0.5739 0.4999
vn -0.2375 0.9406 0.2427
vn 0.5469 0.7072 0.4480
vn 0.2448 0.9627 0.1151
vn 0.6941 0.7072 0.1346
vn -0.9388 0.3399 0.0551
vn -0.7348 0.3399 0.5870
vn -0.4808 0.8572 0.1845
vn 0.7420 0.4868 -0.4609
vn 0.2542 0.9623 0.0972
vn 0.2454 0.4868 0.8383
vn -0.5844 0.7979 0.1474
vn -0.5656 0.7979 -0.2084
vn -0.2190 0.9756 -0.0117
vn -0.8796 0.3310 0.3418
vn -0.2680 0.3310 0.9048
vn -0.3044 0.8933 0.3307
vn 0.9188 0.2790 0.2793
vn 0.4451 0.8665 0.2258
vn 0.7680 0.2790 0.5765
vn 0.7199 0.6764 -0.1557
vn 0.7166 0.6764 0.1702
vn 0.2870 0.9579 0.0029
vn 0.9233 0.3841 -0.0038
vn 0.7880 0.3841 -0.4812
vn 0.5018 0.8532 -0.1422
vn 0.5817 0.2779 -0.7644
vn 0.3683 0.8661 -0.3379
vn 0.8116 0.2780 -0.5138
vn 0.1351 0.3301 0.9342
vn -0.0908 0.8602 0.5019
vn -0.4538 0.3301 0.8277
vn 0.7883 0.5274 -0.3170
vn 0.3210 0.9319 -0.1689
vn 0.7075 0.5274 -0.4704
vn 0.2542 0.7220 0.6435
vn -0.0974 0.7221 0.6849
vn 0.0307 0.9650 0.2605
vn 0.6181 0.4963 -0.6096
vn 0.7046 0.4964 -0.5070
vn 0.2889 0.9258 -0.2439
vn 0.6503 0.3254 0.6865
vn 0.9439 0.3254 -0.0562
vn 0.4269 0.8884 0.1688
vn 0.2490 0.8935 0.3738
vn 0.0919 0.8935 0.4396
vn -0.0631 -0.9866 -0.1504
vn 0.8579 0.2819 -0.4295
vn 0.6726 0.2819 -0.6842
vn 0.4020 0.8677 -0.2925
vn -0.8582 0.2825 0.4285
vn -0.4746 0.8679 0.1468
vn -0.9503 0.2825 0.1308
vn 0.0182 0.4918 0.8705
vn 0.0359 0.9248 0.3786
vn 0.1458 0.4919 0.8584
vn -0.1615 0.2757 0.9476
vn -0.1747 0.8653 0.4699
vn -0.4968 0.2757 0.8229
vn 0.4432 0.3448 0.8274
vn 0.0975 0.8561 0.5075
vn -0.1049 0.3449 0.9328
vn 0.7370 0.3258 0.5921
vn 0.2702 0.8622 0.4285
vn 0.2164 0.3259 0.9203
vn 0.9297 0.3189 0.1845
vn 0.3925 0.8800 0.2675
vn 0.5117 0.3189 0.7978
vn 0.5620 0.6249 0.5420
vn 0.3335 0.6249 0.7058
vn 0.1830 0.9495 0.2550
vn 0.3820 0.5673 0.7295
vn 0.1982 0.9394 0.2798
vn 0.5618 0.5674 0.6021
vn 0.1335 0.3853 0.9131
vn 0.5859 0.3854 0.7129
vn 0.2110 0.8532 0.4770
vn -0.5075 0.8531 0.1210
vn 0.4212 0.8530 0.3081
vn 0.0200 -0.9948 -0.0994
vn 0.6597 0.3240 0.6781
vn 0.9443 0.3240 -0.0582
vn 0.4306 0.8870 0.1665
vn -0.6093 0.3265 0.7226
vn -0.0388 0.3266 0.9444
vn -0.1838 0.8618 0.4728
vn 0.0560 0.3173 0.9467
vn 0.6977 0.3173 0.6423
vn 0.2073 0.8753 0.4369
vn 0.4092 0.4610 0.7874
vn 0.3308 0.4611 0.8234
vn 0.1653 0.9183 0.3597
vn 0.5099 0.7909 0.3384
vn 0.2318 0.7908 0.5665
vn 0.1416 0.9747 0.1727
vn 0.2049 0.7536 0.6246
vn -0.1585 0.7536 0.6380
vn 0.0090 0.9696 0.2446
vn 0.9329 0.2875 -0.2170
vn 0.4918 0.8699 -0.0389
vn 0.9554 0.2875 0.0675
vn 0.7769 0.6290 -0.0271
vn 0.3042 0.9502 -0.0677
vn 0.7148 0.6291 -0.3054
vn 0.6917 0.5377 0.4821
vn 0.3141 0.9339 0.1709
vn 0.7805 0.5377 0.3190
vn 0.7907 0.3456 -0.5052
vn 0.3654 0.3456 -0.8643
vn 0.3335 0.8560 -0.3950
vn 0.1999 0.5408 0.8170
vn 0.0117 0.5408 0.8411
vn 0.0451 0.9345 0.3532
vn 0.5196 0.6693 0.5311
vn 0.2434 0.9568 0.1592
vn 0.6949 0.6693 0.2630
vn 0.4665 0.5971 -0.6526
vn 0.6464 0.5970 -0.4751
vn 0.2304 0.9447 -0.2334
vn 0.4776 0.3190 0.8186
vn 0.8959 0.3190 0.3092
vn 0.3839 0.8679 0.3152
vn -0.1445 0.3610 0.9213
vn 0.3790 0.3610 0.8521
vn 0.0682 0.8541 0.5156
vn 0.6685 0.5249 0.5268
vn 0.3070 0.9314 0.1955
vn 0.7601 0.5249 0.3830
vn 0.7471 0.6215 -0.2360
vn 0.2794 0.9489 -0.1469
vn 0.6179 0.6215 -0.4817
vn 0.9364 0.3309 0.1166
vn 0.6660 0.3309 -0.6686
vn 0.4252 0.8932 -0.1465
vn 0.9610 0.2763 0.0134
vn 0.9014 0.2764 -0.3333
vn 0.4937 0.8655 -0.0848
vn 0.8518 0.4747 -0.2215
vn 0.8722 0.4748 -0.1177
vn 0.3816 0.9213 -0.0751
vn 0.4778 0.2728 -0.8350
vn 0.3328 0.8641 -0.3777
vn 0.7681 0.2727 -0.5793
vn 0.7424 0.3184 0.5895
vn 0.9405 0.3184 -0.1190
vn 0.4592 0.8790 0.1284
vn 0.5425 0.7777 -0.3177
vn 0.6276 0.7777 0.0356
vn 0.2245 0.9730 -0.0540
vn -0.7154 -0.2866 -0.6372
vn -0.4918 -0.2867 -0.8222
vn -0.3149 -0.8695 -0.3806
vn 0.1303 -0.5258 -0.8406
vn -0.0409 -0.5258 -0.8496
vn 0.0192 -0.9316 -0.3630
vn -0.9363 -0.3393 0.0911
vn -0.8163 -0.3392 -0.4675
vn -0.5033 -0.8573 -0.1081
vn 0.1447 -0.4849 0.8625
vn 0.2604 -0.4849 0.8349
vn 0.0891 -0.9234 0.3734
vn -0.4329 -0.6119 0.6620
vn -0.2183 -0.9473 0.2346
vn -0.6292 -0.6119 0.4793
vn -0.8874 0.2845 0.3627
vn 0.9122 0.2845 -0.2948
vn 0.0092 0.9996 0.0251
vn -0.4915 -0.3731 -0.7869
vn -0.3870 -0.8534 -0.3491
vn -0.8333 -0.3731 -0.4080
vn -0.9426 -0.3276 0.0652
vn -0.3965 -0.8904 0.2235
vn -0.5439 -0.3276 0.7726
vn -0.4100 -0.9091 0.0742
vn 0.1528 0.9882 -0.0108
vn -0.4163 -0.9091 -0.0158
vn -0.7626 -0.2759 -0.5851
vn -0.4976 -0.2760 -0.8223
vn -0.3343 -0.8653 -0.3735
vn -0.9186 -0.3314 -0.2152
vn -0.5087 -0.8597 0.0460
vn -0.8651 -0.3313 0.3766
vn -0.6242 -0.3789 0.6832
vn -0.2340 -0.8533 0.4660
vn -0.1751 -0.3789 0.9087
vn 0.0002 -0.2869 0.9580
vn 0.0745 -0.8696 0.4881
vn 0.2858 -0.2868 0.9144
vn 0.5094 -0.3775 0.7734
vn 0.3945 -0.8533 0.3409
vn 0.8391 -0.3775 0.3916
vn -0.0566 -0.5774 0.8145
vn 0.1746 -0.5774 0.7976
vn 0.0247 -0.9412 0.3369
vn -0.2855 -0.5351 0.7951
vn -0.1079 -0.5351 0.8379
vn -0.0840 -0.9334 0.3489
vn 0.7034 -0.2758 0.6551
vn 0.4155 -0.2757 0.8668
vn 0.2970 -0.8653 0.4039
vn 0.8393 -0.3310 0.4312
vn 0.4145 -0.3311 0.8477
vn 0.3575 -0.8598 0.3646
vn 0.9139 -0.3643 0.1792
vn 0.6734 -0.3644 0.6433
vn 0.4622 -0.8538 0.2395
vn 0.8903 -0.3249 -0.3192
vn 0.3278 -0.8879 -0.3229
vn 0.3325 -0.3250 -0.8853
vn -0.1335 -0.7595 -0.6367
vn -0.4549 -0.7595 -0.4650
vn -0.1137 -0.9704 -0.2129
vn 0.2865 -0.3810 -0.8791
vn 0.0215 -0.8532 -0.5211
vn -0.2130 -0.3811 -0.8997
vn 0.2832 -0.2833 -0.9163
vn 0.0688 -0.8682 -0.4913
vn -0.0207 -0.2833 -0.9588
vn -0.8487 -0.5289 -0.0071
vn -0.3597 -0.9322 -0.0404
vn -0.8291 -0.5289 -0.1813
vn -0.9475 -0.2735 0.1656
vn -0.4687 -0.8643 0.1825
vn -0.8099 -0.2735 0.5189
vn -0.5611 -0.3246 0.7615
vn -0.0927 -0.8875 0.4513
vn 0.2153 -0.3245 0.9210
vn 0.6899 -0.3275 -0.6456
vn 0.1665 -0.8904 -0.4237
vn -0.0656 -0.3275 -0.9426
vn -0.7143 -0.3227 -0.6210
vn -0.1649 -0.3227 -0.9320
vn -0.2479 -0.8642 -0.4379
vn -0.3645 -0.5171 -0.7744
vn -0.1247 -0.9299 -0.3460
vn -0.2133 -0.5171 -0.8289
vn -0.6180 -0.5206 -0.5892
vn -0.2393 -0.9306 -0.2770
vn -0.4931 -0.5206 -0.6970
vn -0.3749 -0.2804 -0.8837
vn -0.0593 -0.2804 -0.9581
vn -0.1143 -0.8671 -0.4849
vn -0.6984 -0.4119 -0.5853
vn -0.3588 -0.9334 -0.0106
vn -0.7317 -0.4119 0.5430
vn -0.8241 -0.5329 0.1922
vn -0.3572 -0.9330 0.0440
vn -0.8461 -0.5329 0.0134
vn -0.4679 -0.6712 -0.5749
vn -0.1298 -0.9571 -0.2591
vn -0.1802 -0.6712 -0.7190
vn 0.2964 -0.3802 -0.8761
vn 0.0271 -0.8532 -0.5208
vn -0.2040 -0.3802 -0.9021
vn 0.4056 -0.5019 0.7639
vn 0.1484 -0.9269 0.3448
vn 0.2758 -0.5018 0.8198
vn 0.6900 -0.4830 0.5390
vn 0.7555 -0.4829 0.4429
vn 0.3183 -0.9230 0.2162
vn -0.3196 -0.2793 0.9055
vn -0.0824 -0.8666 0.4921
vn 0.0073 -0.2792 0.9602
vn 0.5199 -0.6655 0.5355
vn 0.6954 -0.6655 0.2711
vn 0.2440 -0.9562 0.1620
vn 0.7877 -0.6105 0.0833
vn 0.7706 -0.6105 -0.1830
vn 0.3205 -0.9470 -0.0205
vn -0.0460 -0.3380 0.9400
vn -0.5840 -0.3380 0.7381
vn -0.1808 -0.8577 0.4814
vn 0.9317 -0.2741 -0.2384
vn 0.4534 -0.8646 -0.2166
vn 0.7709 -0.2740 -0.5750
vn 0.5167 -0.3743 0.7700
vn 0.3981 -0.8533 0.3367
vn 0.8451 -0.3743 0.3817
vn 0.5373 -0.3188 0.7808
vn 0.4011 -0.8798 0.2552
vn 0.9349 -0.3188 0.1557
vn -0.4075 -0.4812 0.7761
vn -0.3032 -0.4812 0.8225
vn -0.1567 -0.9226 0.3524
vn -0.8472 -0.4986 -0.1835
vn -0.8655 -0.4987 -0.0476
vn -0.3736 -0.9262 -0.0504
vn -0.7759 -0.4945 0.3917
vn -0.7079 -0.4945 0.5043
vn -0.3245 -0.9254 0.1959
vn -0.8502 -0.4083 0.3324
vn -0.5352 -0.4083 -0.7395
vn -0.3478 -0.9320 -0.1022
vn -0.8284 -0.3174 -0.4615
vn -0.2710 -0.3174 -0.9087
vn -0.3020 -0.8759 -0.3763
vn -0.6648 -0.7456 -0.0459
vn -0.2345 -0.9685 -0.0841
vn -0.5425 -0.7456 -0.3869
vn -0.3489 -0.4693 -0.8112
vn -0.4363 -0.4693 -0.7678
vn -0.1745 -0.9201 -0.3508
vn -0.7296 -0.3858 0.5646
vn -0.3119 -0.8532 0.4180
vn -0.3336 -0.3858 0.8602
vn -0.6036 -0.2725 0.7493
vn -0.2296 -0.8639 0.4483
vn -0.2554 -0.2724 0.9277
vn -0.9166 -0.3379 -0.2136
vn -0.6214 -0.3379 -0.7069
vn -0.4412 -0.8577 -0.2641
vn -0.4858 -0.5739 0.6592
vn -0.2375 -0.9406 0.2427
vn -0.6487 -0.5739 0.4999
vn 0.5469 -0.7072 0.4481
vn 0.6941 -0.7072 0.1346
vn 0.2449 -0.9627 0.1151
vn -0.9388 -0.3399 0.0551
vn -0.4809 -0.8572 0.1845
vn -0.7348 -0.3399 0.5870
vn 0.7420 -0.4868 -0.4608
vn 0.2454 -0.4868 0.8383
vn 0.2542 -0.9623 0.0972
vn -0.5845 -0.7979 0.1475
vn -0.2190 -0.9757 -0.0117
vn -0.5656 -0.7979 -0.2085
vn -0.8796 -0.3310 0.3418
vn -0.3045 -0.8933 0.3307
vn -0.2681 -0.3310 0.9048
vn 0.9188 -0.2790 0.2793
vn 0.7680 -0.2790 0.5765
vn 0.4451 -0.8665 0.2258
vn 0.7199 -0.6764 -0.1557
vn 0.2871 -0.9579 0.0029
vn 0.7165 -0.6764 0.1702
vn 0.9233 -0.3841 -0.0038
vn 0.5018 -0.8532 -0.1422
vn 0.7880 -0.3841 -0.4812
vn 0.5817 -0.2779 -0.7644
vn 0.8116 -0.2779 -0.5138
vn 0.3683 -0.8661 -0.3379
vn 0.1351 -0.3301 0.9342
vn -0.4538 -0.3301 0.8277
vn -0.0908 -0.8602 0.5018
vn 0.7883 -0.5274 -0.3170
vn 0.7075 -0.5274 -0.4705
vn 0.3209 -0.9319 -0.1689
vn 0.2542 -0.7220 0.6434
vn 0.0307 -0.9650 0.2605
vn -0.0974 -0.7220 0.6850
vn 0.6181 -0.4963 -0.6096
vn 0.2889 -0.9258 -0.2439
vn 0.7047 -0.4964 -0.5070
vn 0.6503 -0.3254 0.6865
vn 0.4269 -0.8884 0.1688
vn 0.9439 -0.3254 -0.0562
vn 0.2490 -0.8935 0.3738
vn -0.0631 0.9866 -0.1505
vn 0.0919 -0.8935 0.4396
vn 0.8579 -0.2819 -0.4295
vn 0.4020 -0.8677 -0.2925
vn 0.6726 -0.2819 -0.6842
vn -0.8582 -0.2825 0.4285
vn -0.9503 -0.2825 0.1308
vn -0.4746 -0.8679 0.1468
vn 0.0182 -0.4918 0.8705
vn 0.1458 -0.4918 0.8584
vn 0.0359 -0.9248 0.3786
vn -0.1614 -0.2758 0.9476
vn -0.4969 -0.2757 0.8229
vn -0.1748 -0.8652 0.4700
vn 0.4432 -0.3450 0.8274
vn -0.1049 -0.3448 0.9328
vn 0.0975 -0.8561 0.5075
vn 0.7370 -0.3258 0.5922
vn 0.2165 -0.3259 0.9203
vn 0.2702 -0.8622 0.4286
vn 0.9297 -0.3189 0.1845
vn 0.5117 -0.3189 0.7978
vn 0.3925 -0.8800 0.2675
vn 0.5620 -0.6249 0.5419
vn 0.1830 -0.9495 0.2550
vn 0.3335 -0.6249 0.7059
vn 0.3821 -0.5673 0.7295
vn 0.5618 -0.5673 0.6021
vn 0.1983 -0.9394 0.2797
vn 0.1335 -0.3853 0.9131
vn 0.2110 -0.8532 0.4770
vn 0.5859 -0.3854 0.7129
vn -0.5075 -0.8531 0.1210
vn 0.0200 0.9948 -0.0994
vn 0.4212 -0.8530 0.3082
vn 0.6597 -0.3241 0.6781
vn 0.4307 -0.8870 0.1664
vn 0.9442 -0.3241 -0.0582
vn -0.6093 -0.3265 0.7226
vn -0.1838 -0.8618 0.4728
vn -0.0388 -0.3266 0.9444
vn 0.0561 -0.3173 0.9467
vn 0.2073 -0.8752 0.4370
vn 0.6977 -0.3173 0.6422
vn 0.4092 -0.4610 0.7874
vn 0.1653 -0.9183 0.3597
vn 0.3308 -0.4610 0.8234
vn 0.5099 -0.7909 0.3384
vn 0.1416 -0.9747 0.1728
vn 0.2318 -0.7908 0.5664
vn 0.2049 -0.7536 0.6246
vn 0.0090 -0.9696 0.2447
vn -0.1585 -0.7536 0.6380
vn 0.9329 -0.2875 -0.2171
vn 0.9554 -0.2875 0.0675
vn 0.4918 -0.8699 -0.0389
vn 0.7769 -0.6290 -0.0270
vn 0.7148 -0.6291 -0.3055
vn 0.3042 -0.9502 -0.0677
vn 0.6917 -0.5377 0.4821
vn 0.7805 -0.5377 0.3190
vn 0.3141 -0.9339 0.1708
vn 0.7908 -0.3456 -0.5053
vn 0.3334 -0.8560 -0.3951
vn 0.3654 -0.3456 -0.8643
vn 0.1999 -0.5409 0.8170
vn 0.0451 -0.9345 0.3532
vn 0.0117 -0.5408 0.8411
vn 0.5196 -0.6693 0.5311
vn 0.6949 -0.6693 0.2630
vn 0.2434 -0.9568 0.1592
vn 0.4665 -0.5971 -0.6527
vn 0.2304 -0.9447 -0.2335
vn 0.6464 -0.5971 -0.4749
vn 0.4777 -0.3190 0.8186
vn 0.3839 -0.8679 0.3152
vn 0.8958 -0.3191 0.3093
vn -0.1445 -0.3610 0.9213
vn 0.0682 -0.8541 0.5156
vn 0.3791 -0.3610 0.8520
vn 0.6686 -0.5250 0.5267
vn 0.7601 -0.5249 0.3830
vn 0.3070 -0.9314 0.1955
vn 0.7471 -0.6215 -0.2359
vn 0.6179 -0.6215 -0.4816
vn 0.2794 -0.9489 -0.1468
vn 0.9364 -0.3309 0.1167
vn 0.4252 -0.8932 -0.1465
vn 0.6660 -0.3309 -0.6686
vn 0.9610 -0.2763 0.0133
vn 0.4937 -0.8655 -0.0849
vn 0.9014 -0.2764 -0.3333
vn 0.8518 -0.4748 -0.2214
vn 0.3816 -0.9213 -0.0751
vn 0.8722 -0.4748 -0.1177
vn 0.4778 -0.2728 -0.8351
vn 0.7681 -0.2727 -0.5793
vn 0.3327 -0.8641 -0.3777
vn 0.7424 -0.3184 0.5895
vn 0.4592 -0.8790 0.1284
vn 0.9405 -0.3183 -0.1190
vn 0.5425 -0.7777 -0.3177
vn 0.2245 -0.9730 -0.0540
vn 0.6276 -0.7777 0.0356
vn -0.3137 0.9239 -0.2192
vn -0.7573 0.3827 -0.5291
vn 0.1816 0.9239 -0.3369
vn 0.4384 0.3827 -0.8132
vn -0.2188 0.9239 -0.3140
vn -0.5281 0.3827 -0.7580
vn -0.3662 0.9217 0.1281
vn -0.8670 0.3955 0.3033
vn -0.0425 0.9239 0.3803
vn -0.1027 0.3826 0.9182
vn -0.3763 0.9239 0.0697
vn -0.9084 0.3827 0.1684
vn 0.3527 0.9239 -0.1486
vn 0.8514 0.3827 -0.3587
vn -0.1488 0.9194 -0.3642
vn -0.3455 0.4073 -0.8454
vn -0.3775 0.9194 -0.1107
vn -0.8763 0.4073 -0.2571
vn -0.0983 0.9239 0.3699
vn -0.2373 0.3827 0.8929
vn -0.1493 0.9239 -0.3523
vn -0.3605 0.3827 -0.8506
vn -0.3412 0.9222 -0.1821
vn -0.8115 0.3922 -0.4331
vn -0.3122 0.9172 0.2477
vn -0.7114 0.4186 0.5645
vn -0.0123 0.9190 0.3942
vn -0.0284 0.4093 0.9119
vn -0.0446 0.9239 0.3801
vn -0.1076 0.3828 0.9176
vn 0.1607 0.9191 0.3597
vn 0.3723 0.4089 0.8332
vn 0.3793 0.9191 0.1068
vn 0.8784 0.4089 0.2474
vn 0.2724 0.9239 0.2688
vn 0.6577 0.3826 0.6489
vn 0.1622 0.9192 0.3588
vn 0.3761 0.4076 0.8321
vn -0.1791 0.9239 0.3382
vn -0.4323 0.3827 0.8165
vn 0.1004 0.9238 0.3695
vn 0.2423 0.3832 0.8913
vn -0.2464 0.9239 0.2928
vn -0.5948 0.3827 0.7070
vn 0.3191 0.9239 0.2112
vn 0.7704 0.3827 0.5099
vn 0.3778 0.9222 0.0823
vn 0.8989 0.3920 0.1958
vn 0.3816 0.9239 -0.0287
vn 0.9212 0.3828 -0.0693
vn 0.2761 0.9239 -0.2650
vn 0.6665 0.3827 -0.6398
vn 0.3920 0.9200 0.0025
vn 0.9146 0.4043 0.0058
vn 0.0164 0.9239 -0.3824
vn 0.0397 0.3827 -0.9230
vn -0.0070 0.9239 -0.3826
vn -0.0169 0.3827 -0.9237
vn -0.0652 0.9239 -0.3771
vn -0.1575 0.3826 -0.9104
vn -0.1309 0.9239 -0.3596
vn -0.3161 0.3827 -0.8681
vn -0.1565 0.9239 -0.3492
vn -0.3778 0.3827 -0.8431
vn 0.0033 0.9239 -0.3826
vn 0.0080 0.3826 -0.9239
vn 0.1789 0.9189 -0.3516
vn 0.4136 0.4104 -0.8127
vn 0.1595 0.9239 -0.3479
vn 0.3851 0.3826 -0.8398
vn -0.3800 0.9239 -0.0452
vn -0.9174 0.3827 -0.1090
vn 0.1271 0.9239 -0.3610
vn 0.3068 0.3827 -0.8714
vn -0.1494 0.9189 -0.3652
vn -0.3453 0.4103 -0.8441
vn -0.2157 0.9239 -0.3161
vn -0.5206 0.3827 -0.7632
vn -0.2813 0.9216 -0.2673
vn -0.6659 0.3953 -0.6327
vn -0.2885 0.9239 -0.2515
vn -0.6964 0.3827 -0.6071
vn -0.0578 0.9239 -0.3783
vn -0.1396 0.3827 -0.9133
vn -0.2924 0.9239 -0.2469
vn -0.7058 0.3827 -0.5961
vn -0.0885 0.9239 -0.3723
vn -0.2137 0.3827 -0.8988
vn -0.1618 0.9239 -0.3468
vn -0.3906 0.3827 -0.8372
vn -0.3241 0.9239 -0.2035
vn -0.7825 0.3827 -0.4912
vn -0.1990 0.9239 -0.3269
vn -0.4803 0.3827 -0.7892
vn -0.3453 0.9239 -0.1650
vn -0.8336 0.3827 -0.3984
vn -0.2735 0.9239 -0.2677
vn -0.6603 0.3827 -0.6461
vn -0.3827 0.9239 -0.0025
vn -0.9239 0.3827 -0.0061
vn -0.3189 0.9239 0.2115
vn -0.7700 0.3827 0.5106
vn -0.2802 0.9239 0.2607
vn -0.6764 0.3827 0.6293
vn 0.2097 0.9239 0.3201
vn 0.5062 0.3827 0.7729
vn -0.3654 0.9239 0.1138
vn -0.8821 0.3827 0.2747
vn -0.1571 0.9239 -0.3490
vn -0.3793 0.3827 -0.8424
vn -0.2657 0.9239 -0.2754
vn -0.6414 0.3827 -0.6649
vn -0.3502 0.9229 -0.1601
vn -0.8380 0.3884 -0.3832
vn 0.1194 0.9239 -0.3636
vn 0.2881 0.3827 -0.8778
vn 0.0429 0.9229 -0.3827
vn 0.1026 0.3884 -0.9158
vn 0.0289 0.9239 -0.3816
vn 0.0698 0.3827 -0.9212
vn -0.1068 0.9239 -0.3675
vn -0.2579 0.3827 -0.8871
vn -0.3200 0.9239 0.2099
vn -0.7725 0.3827 0.5067
vn -0.2002 0.9221 -0.3311
vn -0.4758 0.3929 -0.7869
vn 0.0308 0.9239 -0.3814
vn 0.0745 0.3827 -0.9209
vn -0.2194 0.9221 0.3187
vn -0.5214 0.3929 0.7575
vn -0.3613 0.9239 -0.1260
vn -0.8724 0.3827 -0.3042
vn 0.1833 0.9189 -0.3493
vn 0.4238 0.4098 -0.8077
vn 0.1155 0.9239 -0.3649
vn 0.2787 0.3827 -0.8808
vn -0.1462 0.9189 -0.3664
vn -0.3380 0.4099 -0.8472
vn 0.0078 0.9239 0.3826
vn 0.0189 0.3827 0.9237
vn 0.2264 0.9239 0.3085
vn 0.5466 0.3827 0.7448
vn 0.0592 0.9239 0.3781
vn 0.1429 0.3827 0.9128
vn 0.0860 0.9239 0.3729
vn 0.2076 0.3826 0.9003
vn 0.3220 0.9239 0.2068
vn 0.7773 0.3827 0.4993
vn 0.0756 0.9200 0.3845
vn 0.1764 0.4040 0.8976
vn 0.3596 0.9239 0.1308
vn 0.8683 0.3827 0.3157
vn 0.2621 0.9239 -0.2789
vn 0.6327 0.3827 -0.6733
vn 0.3806 0.9193 0.0998
vn 0.8831 0.4080 0.2317
vn 0.3772 0.9238 -0.0656
vn 0.9100 0.3832 -0.1583
vn -0.2623 0.9239 0.2786
vn -0.6333 0.3827 0.6726
vn -0.3183 0.9239 0.2124
vn -0.7685 0.3827 0.5128
vn -0.3335 0.9239 -0.1876
vn -0.8052 0.3827 -0.4529
vn -0.3768 0.9239 0.0666
vn -0.9098 0.3827 0.1608
vn -0.3446 0.9185 0.1939
vn -0.7942 0.4118 0.4469
vn -0.2946 0.9223 0.2501
vn -0.7011 0.3927 0.5951
vn -0.3824 0.9214 -0.0692
vn -0.9033 0.3966 -0.1634
vn -0.2344 0.9239 0.3025
vn -0.5659 0.3827 0.7303
vn -0.2047 0.9239 0.3233
vn -0.4943 0.3827 0.7805
vn -0.1121 0.9223 -0.3699
vn -0.2668 0.3926 -0.8802
vn -0.0584 0.9239 -0.3782
vn -0.1411 0.3827 -0.9130
vn -0.3188 0.9239 0.2118
vn -0.7695 0.3827 0.5113
vn -0.0880 0.9186 0.3853
vn -0.2029 0.4125 0.8881
vn -0.0311 0.9239 0.3814
vn -0.0751 0.3826 0.9208
vn -0.3879 0.9217 0.0054
vn -0.9186 0.3949 0.0127
vn -0.2663 0.9239 -0.2749
vn -0.6428 0.3827 -0.6636
vn -0.2109 0.9239 0.3193
vn -0.5093 0.3826 0.7709
vn 0.1023 0.9239 -0.3688
vn 0.2469 0.3827 -0.8903
vn -0.3713 0.9239 0.0925
vn -0.8965 0.3827 0.2233
vn 0.1064 0.9239 0.3676
vn 0.2569 0.3826 0.8874
vn -0.2376 0.9216 0.3070
vn -0.5622 0.3955 0.7263
vn 0.2825 0.9190 -0.2749
vn 0.6537 0.4100 -0.6361
vn -0.1784 0.9218 -0.3442
vn -0.4227 0.3949 -0.8157
vn 0.0147 0.9237 -0.3829
vn 0.0355 0.3838 -0.9227
vn 0.0270 0.9189 0.3935
vn 0.0624 0.4098 0.9100
vn 0.3910 0.9186 0.0571
vn 0.9019 0.4114 0.1317
vn -0.3552 0.9239 0.1424
vn -0.8575 0.3827 0.3437
vn 0.2686 0.9239 0.2726
vn 0.6485 0.3827 0.6580
vn 0.3028 0.9187 -0.2535
vn 0.6988 0.4120 -0.5848
vn 0.1824 0.9239 -0.3364
vn 0.4404 0.3826 -0.8122
vn 0.1528 0.9223 0.3550
vn 0.3637 0.3917 0.8452
vn 0.3824 0.9239 -0.0150
vn 0.9232 0.3827 -0.0363
vn -0.2675 0.9223 0.2789
vn -0.6369 0.3918 0.6640
vn 0.3623 0.9239 -0.1234
vn 0.8745 0.3827 -0.2978
vn 0.3508 0.9239 -0.1528
vn 0.8470 0.3827 -0.3689
vn -0.2992 0.9239 0.2386
vn -0.7224 0.3827 0.5760
vn -0.2788 0.9239 0.2621
vn -0.6731 0.3827 0.6328
vn 0.2288 0.9239 -0.3068
vn 0.5524 0.3827 -0.7405
vn -0.2878 0.9239 0.2522
vn -0.6949 0.3827 0.6088
vn -0.3191 0.9226 0.2170
vn -0.7613 0.3903 0.5178
vn 0.3677 0.9239 0.1061
vn 0.8877 0.3826 0.2562
vn -0.1013 0.9237 0.3696
vn -0.2441 0.3840 0.8905
vn -0.0012 0.9186 0.3953
vn -0.0028 0.4116 0.9114
vn 0.2560 0.9213 0.2927
vn 0.6040 0.3975 0.6907
vn 0.3548 0.9227 0.1506
vn 0.8473 0.3907 0.3597
vn 0.1568 0.9239 0.3491
vn 0.3786 0.3827 0.8428
vn -0.2491 0.9239 0.2905
vn -0.6014 0.3827 0.7013
vn 0.3790 0.9238 -0.0541
vn 0.9144 0.3832 -0.1306
vn -0.0171 0.9227 0.3852
vn -0.0408 0.3902 0.9198
vn 0.0305 0.9239 0.3814
vn 0.0736 0.3827 0.9210
vn 0.2932 0.9185 0.2652
vn 0.6759 0.4115 0.6114
vn 0.1731 0.9239 0.3413
vn 0.4178 0.3827 0.8240
vn -0.3827 0.9239 0.0013
vn -0.9239 0.3827 0.0030
vn 0.3508 0.9239 -0.1529
vn 0.8469 0.3827 -0.3692
vn 0.0889 0.9225 0.3757
vn 0.2119 0.3907 0.8958
vn 0.3503 0.9237 0.1554
vn 0.8440 0.3841 0.3743
vn 0.0543 0.9239 0.3788
vn 0.1310 0.3827 0.9145
vn -0.1290 0.9214 0.3667
vn -0.3042 0.3981 0.8654
vn 0.1687 0.9239 0.3434
vn 0.4074 0.3826 0.8292
vn -0.3067 0.9218 0.2373
vn -0.7266 0.3950 0.5622
vn 0.2569 0.3826 0.8875
vn 0.3663 0.9212 -0.1310
vn 0.8639 0.3977 -0.3090
vn 0.3433 0.9239 0.1690
vn 0.8289 0.3827 0.4081
vn 0.2171 0.9239 0.3151
vn 0.5242 0.3827 0.7608
vn 0.2390 0.9239 -0.2988
vn 0.5771 0.3827 -0.7215
vn 0.0676 0.9212 -0.3831
vn 0.1594 0.3978 -0.9035
vn 0.3762 0.9239 0.0703
vn 0.9082 0.3827 0.1697
vn -0.1338 0.9202 0.3678
vn -0.3128 0.4033 0.8599
vn 0.0858 0.9233 0.3745
vn 0.2060 0.3864 0.8990
vn 0.3760 0.9239 -0.0713
vn 0.9077 0.3827 -0.1721
vn 0.3840 0.9233 0.0113
vn 0.9219 0.3864 0.0271
vn 0.3395 0.9239 0.1768
vn 0.8194 0.3829 0.4267
vn 0.2250 0.9202 0.3204
vn 0.5260 0.4032 0.7489
vn 0.2048 0.9238 0.3236
vn 0.4939 0.3833 0.7805
vn 0.3768 0.9239 0.0669
vn 0.9097 0.3827 0.1614
vn 0.1586 0.9239 -0.3483
vn 0.3828 0.3829 -0.8408
vn 0.3329 0.9239 -0.1888
vn 0.8036 0.3827 -0.4557
vn 0.3796 0.9239 0.0487
vn 0.9164 0.3827 0.1175
vn 0.1258 0.9239 -0.3614
vn 0.3038 0.3827 -0.8725
vn 0.3429 0.9238 -0.1705
vn 0.8270 0.3833 -0.4112
vn 0.2766 0.9239 0.2645
vn 0.6678 0.3827 0.6385
vn 0.2910 0.9239 0.2486
vn 0.7024 0.3827 0.6001
vn 0.2461 0.9239 0.2931
vn 0.5940 0.3827 0.7076
vn 0.3380 0.9239 0.1794
vn 0.8160 0.3827 0.4332
vn 0.3264 0.9239 0.1997
vn 0.7881 0.3826 0.4822
vn 0.2284 0.9200 0.3186
vn 0.5330 0.4042 0.7433
vn -0.7573 -0.3827 -0.5291
vn -0.3137 -0.9239 -0.2192
vn 0.4384 -0.3827 -0.8132
vn 0.1816 -0.9239 -0.3369
vn -0.5281 -0.3827 -0.7580
vn -0.2188 -0.9239 -0.3140
vn -0.8670 -0.3955 0.3033
vn -0.3662 -0.9217 0.1281
vn -0.1027 -0.3827 0.9182
vn -0.0425 -0.9239 0.3803
vn -0.9084 -0.3827 0.1683
vn -0.3763 -0.9239 0.0697
vn 0.8514 -0.3827 -0.3587
vn 0.3527 -0.9239 -0.1486
vn -0.3455 -0.4073 -0.8454
vn -0.1488 -0.9194 -0.3642
vn -0.8763 -0.4073 -0.2571
vn -0.3775 -0.9194 -0.1108
vn -0.2373 -0.3827 0.8929
vn -0.0983 -0.9239 0.3699
vn -0.3605 -0.3827 -0.8506
vn -0.1493 -0.9239 -0.3523
vn -0.8115 -0.3922 -0.4331
vn -0.3411 -0.9222 -0.1821
vn -0.7114 -0.4186 0.5645
vn -0.3122 -0.9172 0.2477
vn -0.0284 -0.4093 0.9119
vn -0.0123 -0.9190 0.3942
vn -0.1076 -0.3827 0.9176
vn -0.0446 -0.9239 0.3801
vn 0.3723 -0.4089 0.8332
vn 0.1607 -0.9191 0.3598
vn 0.8784 -0.4089 0.2474
vn 0.3793 -0.9191 0.1068
vn 0.6577 -0.3826 0.6489
vn 0.2724 -0.9239 0.2688
vn 0.3761 -0.4076 0.8321
vn 0.1622 -0.9192 0.3588
vn -0.4323 -0.3827 0.8165
vn -0.1791 -0.9239 0.3382
vn 0.2423 -0.3832 0.8913
vn 0.1004 -0.9238 0.3695
vn -0.5948 -0.3827 0.7070
vn -0.2464 -0.9239 0.2928
vn 0.7704 -0.3827 0.5099
vn 0.3191 -0.9239 0.2112
vn 0.8989 -0.3920 0.1958
vn 0.3778 -0.9222 0.0823
vn 0.9212 -0.3828 -0.0693
vn 0.3816 -0.9239 -0.0287
vn 0.6665 -0.3827 -0.6398
vn 0.2761 -0.9239 -0.2650
vn 0.9146 -0.4044 0.0058
vn 0.3920 -0.9200 0.0025
vn 0.0397 -0.3827 -0.9230
vn 0.0164 -0.9239 -0.3824
vn -0.0169 -0.3827 -0.9237
vn -0.0070 -0.9239 -0.3826
vn -0.1575 -0.3826 -0.9104
vn -0.0652 -0.9239 -0.3771
vn -0.3161 -0.3827 -0.8681
vn -0.1309 -0.9239 -0.3596
vn -0.3778 -0.3827 -0.8431
vn -0.1565 -0.9239 -0.3492
vn 0.0080 -0.3826 -0.9239
vn 0.0033 -0.9239 -0.3827
vn 0.4136 -0.4105 -0.8127
vn 0.1790 -0.9189 -0.3516
vn 0.3851 -0.3826 -0.8398
vn 0.1595 -0.9239 -0.3479
vn -0.9174 -0.3827 -0.1090
vn -0.3800 -0.9239 -0.0452
vn 0.3068 -0.3827 -0.8715
vn 0.1271 -0.9239 -0.3610
vn -0.3453 -0.4103 -0.8440
vn -0.1494 -0.9189 -0.3652
vn -0.5206 -0.3827 -0.7632
vn -0.2157 -0.9239 -0.3161
vn -0.6659 -0.3953 -0.6327
vn -0.2813 -0.9216 -0.2673
vn -0.6964 -0.3827 -0.6071
vn -0.2885 -0.9239 -0.2515
vn -0.1396 -0.3827 -0.9133
vn -0.0578 -0.9239 -0.3783
vn -0.7058 -0.3827 -0.5961
vn -0.2924 -0.9239 -0.2469
vn -0.2137 -0.3827 -0.8988
vn -0.0885 -0.9239 -0.3723
vn -0.3906 -0.3827 -0.8372
vn -0.1618 -0.9239 -0.3468
vn -0.7824 -0.3827 -0.4912
vn -0.3241 -0.9239 -0.2035
vn -0.4803 -0.3827 -0.7892
vn -0.1990 -0.9239 -0.3269
vn -0.8336 -0.3827 -0.3984
vn -0.3453 -0.9239 -0.1650
vn -0.6603 -0.3827 -0.6461
vn -0.2735 -0.9239 -0.2677
vn -0.9239 -0.3827 -0.0061
vn -0.3827 -0.9239 -0.0025
vn -0.7700 -0.3827 0.5106
vn -0.3189 -0.9239 0.2115
vn -0.6764 -0.3827 0.6293
vn -0.2802 -0.9239 0.2607
vn 0.5062 -0.3827 0.7729
vn 0.2097 -0.9239 0.3201
vn -0.8821 -0.3827 0.2747
vn -0.3654 -0.9239 0.1138
vn -0.3793 -0.3827 -0.8424
vn -0.1571 -0.9239 -0.3490
vn -0.6414 -0.3827 -0.6649
vn -0.2657 -0.9239 -0.2754
vn -0.8380 -0.3884 -0.3831
vn -0.3502 -0.9229 -0.1601
vn 0.2881 -0.3827 -0.8778
vn 0.1194 -0.9239 -0.3636
vn 0.1026 -0.3884 -0.9158
vn 0.0429 -0.9229 -0.3827
vn 0.0698 -0.3827 -0.9212
vn 0.0289 -0.9239 -0.3816
vn -0.2579 -0.3827 -0.8871
vn -0.1068 -0.9239 -0.3675
vn -0.7725 -0.3827 0.5067
vn -0.3200 -0.9239 0.2099
vn -0.4758 -0.3929 -0.7869
vn -0.2002 -0.9221 -0.3311
vn 0.0745 -0.3827 -0.9209
vn 0.0308 -0.9239 -0.3814
vn -0.5214 -0.3929 0.7574
vn -0.2194 -0.9221 0.3187
vn -0.8724 -0.3827 -0.3042
vn -0.3613 -0.9239 -0.1260
vn 0.4239 -0.4098 -0.8077
vn 0.1833 -0.9189 -0.3493
vn 0.2787 -0.3827 -0.8808
vn 0.1155 -0.9239 -0.3649
vn -0.3380 -0.4099 -0.8472
vn -0.1462 -0.9189 -0.3664
vn 0.0189 -0.3827 0.9237
vn 0.0078 -0.9239 0.3826
vn 0.5466 -0.3827 0.7448
vn 0.2264 -0.9239 0.3085
vn 0.1429 -0.3827 0.9128
vn 0.0592 -0.9239 0.3781
vn 0.2076 -0.3826 0.9003
vn 0.0860 -0.9239 0.3729
vn 0.7773 -0.3827 0.4993
vn 0.3220 -0.9239 0.2068
vn 0.1764 -0.4040 0.8976
vn 0.0756 -0.9200 0.3845
vn 0.8683 -0.3827 0.3157
vn 0.3596 -0.9239 0.1308
vn 0.6327 -0.3827 -0.6733
vn 0.2620 -0.9239 -0.2789
vn 0.8831 -0.4080 0.2317
vn 0.3806 -0.9193 0.0998
vn 0.9100 -0.3832 -0.1583
vn 0.3772 -0.9238 -0.0656
vn -0.6333 -0.3827 0.6726
vn -0.2623 -0.9239 0.2786
vn -0.7685 -0.3827 0.5128
vn -0.3183 -0.9239 0.2124
vn -0.8052 -0.3827 -0.4529
vn -0.3335 -0.9239 -0.1876
vn -0.9098 -0.3827 0.1607
vn -0.3768 -0.9239 0.0666
vn -0.7942 -0.4117 0.4469
vn -0.3446 -0.9185 0.1939
vn -0.7011 -0.3927 0.5951
vn -0.2946 -0.9223 0.2501
vn -0.9033 -0.3966 -0.1634
vn -0.3824 -0.9214 -0.0692
vn -0.5659 -0.3827 0.7303
vn -0.2344 -0.9239 0.3025
vn -0.4943 -0.3827 0.7805
vn -0.2047 -0.9239 0.3233
vn -0.2668 -0.3927 -0.8801
vn -0.1121 -0.9223 -0.3699
vn -0.1411 -0.3827 -0.9130
vn -0.0584 -0.9239 -0.3782
vn -0.7695 -0.3827 0.5113
vn -0.3187 -0.9239 0.2118
vn -0.2029 -0.4124 0.8881
vn -0.0880 -0.9186 0.3853
vn -0.0751 -0.3826 0.9208
vn -0.0311 -0.9239 0.3814
vn -0.9186 -0.3949 0.0127
vn -0.3879 -0.9217 0.0054
vn -0.6428 -0.3827 -0.6636
vn -0.2663 -0.9239 -0.2749
vn -0.5092 -0.3826 0.7709
vn -0.2109 -0.9239 0.3193
vn 0.2469 -0.3827 -0.8903
vn 0.1023 -0.9239 -0.3688
vn -0.8965 -0.3827 0.2233
vn -0.3713 -0.9239 0.0925
vn 0.2569 -0.3827 0.8874
vn 0.1064 -0.9239 0.3676
vn -0.5622 -0.3955 0.7263
vn -0.2376 -0.9216 0.3069
vn 0.6537 -0.4100 -0.6361
vn 0.2825 -0.9190 -0.2749
vn -0.4227 -0.3949 -0.8157
vn -0.1784 -0.9218 -0.3442
vn 0.0355 -0.3838 -0.9227
vn 0.0147 -0.9237 -0.3829
vn 0.0624 -0.4100 0.9100
vn 0.0270 -0.9189 0.3935
vn 0.9019 -0.4114 0.1317
vn 0.3910 -0.9186 0.0571
vn -0.8575 -0.3827 0.3438
vn -0.3552 -0.9239 0.1424
vn -0.2662 -0.9239 -0.2748
vn 0.6485 -0.3827 0.6580
vn 0.2686 -0.9239 0.2725
vn 0.6988 -0.4119 -0.5848
vn 0.3028 -0.9187 -0.2535
vn 0.4404 -0.3826 -0.8122
vn 0.1824 -0.9239 -0.3364
vn 0.3637 -0.3917 0.8452
vn 0.1528 -0.9223 0.3550
vn 0.9232 -0.3827 -0.0363
vn 0.3824 -0.9239 -0.0150
vn -0.6369 -0.3918 0.6640
vn -0.2675 -0.9223 0.2789
vn 0.8745 -0.3827 -0.2978
vn 0.3622 -0.9239 -0.1234
vn 0.8470 -0.3827 -0.3689
vn 0.3509 -0.9239 -0.1528
vn -0.7224 -0.3827 0.5760
vn -0.2992 -0.9239 0.2386
vn -0.6731 -0.3827 0.6328
vn -0.2788 -0.9239 0.2621
vn 0.5524 -0.3827 -0.7405
vn 0.2288 -0.9239 -0.3068
vn -0.6949 -0.3827 0.6088
vn -0.2879 -0.9239 0.2522
vn -0.7613 -0.3903 0.5178
vn -0.3191 -0.9226 0.2170
vn 0.8877 -0.3826 0.2562
vn 0.3677 -0.9239 0.1061
vn -0.2441 -0.3841 0.8905
vn -0.1013 -0.9237 0.3696
vn -0.0028 -0.4116 0.9113
vn -0.0012 -0.9186 0.3953
vn 0.6040 -0.3975 0.6907
vn 0.2560 -0.9213 0.2927
vn 0.8473 -0.3907 0.3597
vn 0.3548 -0.9227 0.1506
vn 0.3785 -0.3827 0.8428
vn 0.1568 -0.9239 0.3491
vn -0.6014 -0.3827 0.7013
vn -0.2491 -0.9239 0.2905
vn 0.9144 -0.3832 -0.1306
vn 0.3790 -0.9238 -0.0541
vn -0.0408 -0.3902 0.9198
vn -0.0171 -0.9227 0.3852
vn 0.0736 -0.3827 0.9210
vn 0.0305 -0.9239 0.3814
vn 0.6759 -0.4116 0.6114
vn 0.2932 -0.9185 0.2652
vn 0.4178 -0.3827 0.8240
vn 0.1731 -0.9239 0.3413
vn -0.9239 -0.3827 0.0030
vn -0.3827 -0.9239 0.0013
vn 0.8469 -0.3827 -0.3692
vn 0.3508 -0.9239 -0.1529
vn 0.2119 -0.3907 0.8958
vn 0.0889 -0.9225 0.3757
vn 0.8440 -0.3841 0.3743
vn 0.3503 -0.9237 0.1553
vn 0.1310 -0.3827 0.9146
vn 0.0543 -0.9239 0.3788
vn -0.3042 -0.3981 0.8654
vn -0.1290 -0.9214 0.3667
vn 0.4074 -0.3826 0.8292
vn 0.1687 -0.9239 0.3434
vn -0.7266 -0.3951 0.5621
vn -0.3067 -0.9218 0.2373
vn 0.2569 -0.3828 0.8874
vn 0.8639 -0.3977 -0.3090
vn 0.3663 -0.9212 -0.1310
vn 0.8289 -0.3827 0.4081
vn 0.3433 -0.9239 0.1690
vn 0.5242 -0.3827 0.7608
vn 0.2171 -0.9239 0.3151
vn 0.5771 -0.3827 -0.7215
vn 0.2391 -0.9239 -0.2988
vn 0.1594 -0.3978 -0.9035
vn 0.0676 -0.9212 -0.3831
vn 0.9082 -0.3827 0.1697
vn 0.3762 -0.9239 0.0703
vn -0.3128 -0.4033 0.8599
vn -0.1338 -0.9202 0.3678
vn 0.2060 -0.3865 0.8990
vn 0.0858 -0.9232 0.3745
vn 0.9077 -0.3827 -0.1721
vn 0.3760 -0.9239 -0.0713
vn 0.9219 -0.3864 0.0271
vn 0.3841 -0.9232 0.0113
vn 0.8194 -0.3829 0.4267
vn 0.3395 -0.9238 0.1768
vn 0.5260 -0.4031 0.7489
vn 0.2250 -0.9202 0.3204
vn 0.4939 -0.3833 0.7805
vn 0.2048 -0.9238 0.3236
vn 0.9097 -0.3826 0.1614
vn 0.3768 -0.9239 0.0669
vn 0.3828 -0.3828 -0.8408
vn 0.1586 -0.9239 -0.3483
vn 0.8036 -0.3827 -0.4557
vn 0.3329 -0.9239 -0.1888
vn 0.9164 -0.3827 0.1175
vn 0.3796 -0.9239 0.0487
vn 0.3038 -0.3827 -0.8725
vn 0.1258 -0.9239 -0.3614
vn 0.8270 -0.3833 -0.4112
vn 0.3429 -0.9238 -0.1705
vn 0.6677 -0.3827 0.6385
vn 0.2766 -0.9239 0.2645
vn 0.7024 -0.3827 0.6001
vn 0.2910 -0.9239 0.2486
vn 0.5940 -0.3827 0.7076
vn 0.2460 -0.9239 0.2931
vn 0.8160 -0.3827 0.4332
vn 0.3380 -0.9239 0.1794
vn 0.7881 -0.3826 0.4822
vn 0.3264 -0.9239 0.1997
vn 0.5330 -0.4043 0.7433
vn 0.2285 -0.9199 0.3186
vn -0.5455 -0.0000 -0.8381
vn -0.7210 -0.0000 -0.6929
vn -0.1400 -0.0000 -0.9901
vn 0.2438 -0.0000 -0.9698
vn -0.8829 -0.0000 -0.4695
vn -0.9978 -0.0000 0.0655
vn 0.3731 -0.0000 0.9278
vn 0.0861 -0.0000 0.9963
vn -0.4363 -0.0000 0.8998
vn -0.8662 -0.0000 0.4997
vn -0.9728 -0.0000 0.2317
vn 0.8930 -0.0000 -0.4501
vn -0.5538 -0.0000 -0.8327
vn -0.8852 -0.0000 -0.4653
vn -0.9938 -0.0000 0.1113
vn -0.6099 -0.0000 0.7925
vn -0.5818 -0.0000 0.8134
vn -0.6904 -0.0000 -0.7235
vn -0.5481 -0.0000 -0.8364
vn -0.7710 -0.0000 -0.6368
vn -0.9805 -0.0000 -0.1964
vn -0.9294 -0.0000 0.3692
vn -0.6533 -0.0000 0.7571
vn -0.2169 -0.0000 0.9762
vn 0.0382 -0.0000 0.9993
vn 0.2618 -0.0000 0.9651
vn 0.5735 -0.0000 0.8192
vn 0.8938 -0.0000 0.4485
vn 0.3213 -0.0000 0.9470
vn -0.1801 -0.0000 0.9837
vn -0.0325 -0.0000 0.9995
vn -0.4262 -0.0000 0.9046
vn 0.4644 -0.0000 0.8856
vn 0.7068 -0.0000 0.7074
vn 0.4682 -0.0000 0.8836
vn 0.8743 -0.0000 0.4855
vn 0.7429 -0.0000 0.6694
vn 0.9753 -0.0000 0.2210
vn 0.9264 -0.0000 -0.3765
vn 0.3903 -0.0000 -0.9207
vn -0.8556 -0.0000 -0.5177
vn 0.0453 -0.0000 -0.9990
vn 0.2830 -0.0000 -0.9591
vn -0.2029 -0.0000 -0.9792
vn 0.2594 -0.0000 -0.9658
vn 0.0158 -0.0000 -0.9999
vn -0.9964 -0.0000 0.0850
vn -0.9527 -0.0000 -0.3038
vn -0.9784 -0.0000 0.2069
vn -0.8606 -0.0000 0.5093
vn -0.5592 -0.0000 0.8291
vn 0.1869 -0.0000 0.9824
vn 0.7004 -0.0000 -0.7137
vn -0.0270 -0.0000 -0.9996
vn -0.2078 -0.0000 -0.9782
vn -0.7319 -0.0000 -0.6814
vn -0.5051 -0.0000 -0.8631
vn -0.1615 -0.0000 -0.9869
vn -0.7833 -0.0000 -0.6216
vn -0.5012 -0.0000 -0.8653
vn -0.0984 -0.0000 -0.9951
vn -0.3564 -0.0000 -0.9343
vn -0.8003 -0.0000 -0.5996
vn -0.8343 -0.0000 0.5513
vn -0.9480 -0.0000 0.3183
vn -0.9969 -0.0000 -0.0789
vn -0.7492 -0.0000 -0.6623
vn -0.0818 -0.0000 -0.9967
vn 0.2935 -0.0000 -0.9559
vn -0.1929 -0.0000 -0.9812
vn 0.5421 -0.0000 0.8403
vn 0.2373 -0.0000 0.9714
vn 0.9001 -0.0000 0.4357
vn 0.7367 -0.0000 0.6762
vn -0.2981 -0.0000 0.9545
vn -0.0289 -0.0000 0.9996
vn 0.9776 -0.0000 0.2105
vn 0.5737 -0.0000 0.8191
vn 0.9359 -0.0000 -0.3523
vn 0.9732 -0.0000 0.2302
vn -0.5955 -0.0000 0.8034
vn -0.0804 -0.0000 0.9968
vn 0.9594 -0.0000 -0.2822
vn 0.8223 -0.0000 -0.5691
vn 0.5807 -0.0000 0.8141
vn 0.8992 -0.0000 0.4375
vn 0.5988 -0.0000 0.8009
vn 0.9792 -0.0000 0.2029
vn -0.2708 -0.0000 0.9626
vn -0.5333 -0.0000 0.8459
vn -0.9996 -0.0000 0.0290
vn -0.9561 -0.0000 -0.2929
vn -0.7637 -0.0000 0.6456
vn -0.9269 -0.0000 0.3753
vn -0.6293 -0.0000 -0.7772
vn -0.9497 -0.0000 0.3133
vn -0.3220 -0.0000 -0.9467
vn -0.8544 -0.0000 -0.5195
vn -0.9864 -0.0000 0.1643
vn -0.6572 -0.0000 -0.7537
vn -0.5584 -0.0000 -0.8296
vn -0.3244 -0.0000 -0.9459
vn -0.7734 -0.0000 0.6339
vn -0.3875 -0.0000 0.9219
vn -0.5996 -0.0000 0.8003
vn -0.2991 -0.0000 0.9542
vn -0.6836 -0.0000 -0.7298
vn -0.9663 -0.0000 -0.2576
vn -0.5011 -0.0000 0.8654
vn -0.8544 -0.0000 0.5196
vn 1.0000 -0.0000 -0.0016
vn 0.6375 -0.0000 0.7704
vn -0.9960 -0.0000 0.0898
vn -0.8004 -0.0000 0.5994
vn 0.3338 -0.0000 0.9426
vn 0.8775 -0.0000 -0.4796
vn -0.8464 -0.0000 0.5325
vn -0.7854 -0.0000 -0.6189
vn -0.9155 -0.0000 0.4023
vn -0.3254 -0.0000 0.9456
vn 0.8212 -0.0000 0.5707
vn 0.9455 -0.0000 0.3256
vn 0.9285 -0.0000 -0.3713
vn 0.9207 -0.0000 0.3902
vn 0.9995 -0.0000 -0.0322
vn 0.8677 -0.0000 -0.4970
vn 0.8249 -0.0000 -0.5652
vn 0.6341 -0.0000 -0.7733
vn -0.4518 -0.0000 0.8921
vn 0.1107 -0.0000 0.9939
vn 0.7777 -0.0000 -0.6286
vn 0.9584 -0.0000 -0.2854
vn 0.5513 -0.0000 0.8343
vn -0.3419 -0.0000 0.9397
vn 0.6511 -0.0000 -0.7590
vn 0.8575 -0.0000 -0.5145
vn 0.7175 -0.0000 0.6965
vn 0.9998 -0.0000 -0.0175
vn 0.9437 -0.0000 0.3307
vn -0.4259 -0.0000 0.9048
vn 0.8770 -0.0000 -0.4805
vn 0.7270 -0.0000 -0.6866
vn -0.9849 -0.0000 0.1730
vn -0.9107 -0.0000 0.4132
vn 0.2476 -0.0000 0.9689
vn -0.0610 -0.0000 0.9981
vn -0.4859 -0.0000 0.8740
vn -0.2032 -0.0000 0.9791
vn -0.0811 -0.0000 0.9967
vn 0.4448 -0.0000 0.8956
vn 0.2614 -0.0000 0.9652
vn 0.7581 -0.0000 0.6521
vn 0.5726 -0.0000 0.8198
vn 0.9725 -0.0000 0.2331
vn 0.8064 -0.0000 0.5914
vn 0.3021 -0.0000 0.9533
vn 0.7567 -0.0000 0.6537
vn 0.3662 -0.0000 0.9305
vn 0.1723 -0.0000 0.9851
vn 0.6131 -0.0000 0.7900
vn 0.7910 -0.0000 0.6118
vn -0.9663 -0.0000 0.2575
vn 0.7264 -0.0000 0.6872
vn 0.9998 -0.0000 -0.0201
vn -0.6189 -0.0000 0.7855
vn -0.0743 -0.0000 0.9972
vn 0.0969 -0.0000 0.9953
vn 0.7095 -0.0000 0.7047
vn 0.5252 -0.0000 0.8510
vn 0.3035 -0.0000 0.9528
vn 0.9598 -0.0000 0.2808
vn 0.0871 -0.0000 0.9962
vn 0.5321 -0.0000 0.8467
vn -0.4686 -0.0000 0.8834
vn 0.9995 -0.0000 0.0324
vn 0.9819 -0.0000 -0.1893
vn 0.8574 -0.0000 -0.5147
vn 0.9948 -0.0000 0.1019
vn 0.9578 -0.0000 0.2874
vn 0.7615 -0.0000 0.6482
vn 0.8257 -0.0000 -0.5641
vn 0.4175 -0.0000 -0.9087
vn 0.3312 -0.0000 0.9436
vn -0.0835 -0.0000 0.9965
vn 0.9801 -0.0000 0.1983
vn 0.5746 -0.0000 0.8185
vn 0.4796 -0.0000 -0.8775
vn 0.8711 -0.0000 -0.4910
vn 0.5343 -0.0000 0.8453
vn 0.9331 -0.0000 0.3597
vn -0.1258 -0.0000 0.9921
vn 0.3794 -0.0000 0.9252
vn 0.9306 -0.0000 0.3661
vn 0.7252 -0.0000 0.6885
vn 0.7005 -0.0000 -0.7137
vn 0.9850 -0.0000 -0.1724
vn 0.9968 -0.0000 0.0804
vn 0.7358 -0.0000 -0.6772
vn 0.9998 -0.0000 -0.0221
vn 0.9498 -0.0000 -0.3128
vn 0.9456 -0.0000 -0.3254
vn 0.9984 -0.0000 -0.0569
vn 0.7767 -0.0000 -0.6299
vn 0.5269 -0.0000 -0.8500
vn 0.8068 -0.0000 0.5908
vn 0.9962 -0.0000 -0.0867
vn 0.6904 -0.0000 -0.7234
vn 0.9441 -0.0000 0.3296
vn -0.8197 -0.0000 -0.5727
vn -0.0000 1.0000 -0.0000
vn -0.4089 -0.0000 -0.9126
vn 0.4745 -0.0000 -0.8803
vn -0.3790 -0.0000 -0.9254
vn -0.5716 -0.0000 -0.8205
vn -0.7640 -0.0000 -0.6452
vn -0.9437 -0.0000 0.3307
vn -0.7247 -0.0000 -0.6890
vn -0.1112 -0.0000 0.9938
vn 0.5479 -0.0000 0.8365
vn -0.9833 -0.0000 0.1822
vn 0.9215 -0.0000 -0.3883
vn -0.9548 -0.0000 0.2973
vn -0.3779 -0.0000 -0.9258
vn -0.4105 -0.0000 -0.9118
vn -0.9598 -0.0000 -0.2808
vn -0.2569 -0.0000 0.9664
vn -0.3902 -0.0000 -0.9207
vn -0.8822 -0.0000 -0.4709
vn -0.3709 -0.0000 -0.9287
vn -0.7834 -0.0000 0.6215
vn -0.0305 -0.0000 0.9995
vn -0.1165 -0.0000 0.9932
vn 0.4076 -0.0000 0.9132
vn 0.9627 -0.0000 0.2706
vn 0.7118 -0.0000 0.7024
vn 0.4100 -0.0000 0.9121
vn 0.0205 -0.0000 0.9998
vn -0.4679 -0.0000 0.8838
vn 0.5916 -0.0000 0.8062
vn 0.2623 -0.0000 0.9650
vn 0.1547 -0.0000 0.9880
vn -0.6438 -0.0000 0.7652
vn 0.2247 -0.0000 0.9744
vn 0.8339 -0.0000 0.5519
vn 0.2781 -0.0000 0.9606
vn 0.9772 -0.0000 0.2123
vn 0.1930 -0.0000 0.9812
vn 0.9972 -0.0000 -0.0750
vn 0.9398 -0.0000 0.3418
vn 0.7214 -0.0000 -0.6925
vn 0.6848 -0.0000 -0.7287
vn 1.0000 -0.0000 0.0063
vn 0.5817 -0.0000 0.8134
vn 0.0429 -0.0000 -0.9991
vn 0.0087 -0.0000 -1.0000
vn -0.0183 -0.0000 -0.9998
vn -0.1705 -0.0000 -0.9854
vn -0.3421 -0.0000 -0.9397
vn 0.4540 -0.0000 -0.8910
vn -0.9930 -0.0000 -0.1180
vn 0.4168 -0.0000 -0.9090
vn 0.3321 -0.0000 -0.9432
vn -0.5635 -0.0000 -0.8261
vn -0.2313 -0.0000 -0.9729
vn -0.7538 -0.0000 -0.6571
vn -0.8469 -0.0000 -0.5317
vn -0.1511 -0.0000 -0.9885
vn -0.4228 -0.0000 -0.9062
vn -0.5199 -0.0000 -0.8542
vn -0.9022 -0.0000 -0.4312
vn -0.7147 -0.0000 -0.6994
vn -1.0000 -0.0000 -0.0066
vn -0.8334 -0.0000 0.5527
vn -0.7321 -0.0000 0.6812
vn -0.6943 -0.0000 -0.7197
vn -0.2792 -0.0000 -0.9602
vn -0.9095 -0.0000 -0.4157
vn 0.1114 -0.0000 -0.9938
vn 0.3119 -0.0000 -0.9501
vn 0.0756 -0.0000 -0.9971
vn -0.8362 -0.0000 0.5484
vn -0.5669 -0.0000 0.8238
vn -0.5173 -0.0000 -0.8558
vn 0.0806 -0.0000 -0.9967
vn -0.9442 -0.0000 -0.3293
vn 0.4651 -0.0000 -0.8852
vn 0.3017 -0.0000 -0.9534
vn 0.9675 -0.0000 0.2529
vn 0.9852 -0.0000 -0.1714
vn 0.8414 -0.0000 0.5404
vn 0.7657 -0.0000 -0.6432
vn -0.7911 -0.0000 0.6116
vn -0.6855 -0.0000 0.7281
vn -0.0813 -0.0000 0.9967
vn -0.8318 -0.0000 0.5551
vn -0.8329 -0.0000 0.5534
vn -0.8716 -0.0000 -0.4903
vn -0.9704 -0.0000 0.2417
vn -0.9847 -0.0000 0.1740
vn -0.6125 -0.0000 0.7905
vn -0.8721 -0.0000 0.4893
vn -0.5350 -0.0000 0.8448
vn -0.7613 -0.0000 0.6484
vn -0.2896 -0.0000 -0.9572
vn -0.9839 -0.0000 -0.1789
vn 0.0386 -0.0000 -0.9993
vn -0.1527 -0.0000 -0.9883
vn -0.6958 -0.0000 -0.7182
vn -0.2208 -0.0000 0.9753
vn -0.9999 -0.0000 0.0143
vn -0.4599 -0.0000 -0.8880
vn -0.5512 -0.0000 0.8344
vn -0.6117 -0.0000 0.7911
vn 0.2672 -0.0000 -0.9636
vn 0.9167 -0.0000 -0.3996
vn 0.7163 -0.0000 -0.6977
vn 0.0682 -0.0000 0.9977
vn 0.9893 -0.0000 0.1458
vn 0.7020 -0.0000 0.7122
vn -0.9282 -0.0000 0.3721
vn -0.7522 -0.0000 0.6589
vn 0.4767 -0.0000 -0.8791
vn 0.9168 -0.0000 -0.3993
vn 0.3958 -0.0000 0.9183
vn -0.6924 -0.0000 0.7215
vn 0.9992 -0.0000 -0.0393
vn 0.5979 -0.0000 -0.8015
vn 0.9466 -0.0000 -0.3224
vn -0.7819 -0.0000 0.6234
vn -0.7286 -0.0000 0.6849
vn -0.8273 -0.0000 0.5618
vn -1.0000 -0.0000 0.0033
vn 0.9608 -0.0000 0.2773
vn 0.7421 -0.0000 0.6703
vn -0.2644 -0.0000 0.9644
vn 0.4410 -0.0000 0.8975
vn -0.0031 -0.0000 1.0000
vn -0.6509 -0.0000 0.7591
vn 0.6587 -0.0000 0.7524
vn -0.3328 -0.0000 0.9430
vn 0.9207 -0.0000 0.3903
vn -0.0450 -0.0000 0.9990
vn 0.4097 -0.0000 0.9122
vn 0.0796 -0.0000 0.9968
vn 0.9900 -0.0000 -0.1414
vn 0.2305 -0.0000 0.9731
vn 0.9142 -0.0000 0.4053
vn 0.4522 -0.0000 0.8919
vn 0.1418 -0.0000 0.9899
vn 0.9418 -0.0000 -0.3362
vn 0.9830 -0.0000 0.1837
vn 0.8972 -0.0000 0.4417
vn 0.6246 -0.0000 -0.7809
vn 0.5674 -0.0000 0.8235
vn 0.9996 -0.0000 0.0293
vn 0.1734 -0.0000 -0.9848
vn -0.3424 -0.0000 0.9396
vn 0.2232 -0.0000 0.9748
vn 0.9825 -0.0000 -0.1863
vn 0.8869 -0.0000 0.4619
vn 0.5749 -0.0000 0.8182
vn 0.5347 -0.0000 0.8451
vn 0.9919 -0.0000 0.1272
vn 0.9846 -0.0000 0.1747
vn 0.4143 -0.0000 -0.9101
vn 0.8699 -0.0000 -0.4933
vn 0.3288 -0.0000 -0.9444
vn 0.8954 -0.0000 -0.4452
vn 0.7228 -0.0000 0.6911
vn 0.7603 -0.0000 0.6495
vn 0.6430 -0.0000 0.7659
vn 0.8833 -0.0000 0.4688
vn 0.8530 -0.0000 0.5219
vn -0.0000 -1.0000 -0.0000
vt 0.000000 0.000000
s 0
f 1/1/1 4/1/1 5/1/1 7/1/1
f 2/1/2 6/1/2 5/1/2 4/1/2
f 3/1/3 7/1/3 5/1/3 6/1/3
f 8/1/4 11/1/4 12/1/4 14/1/4
f 9/1/5 13/1/5 12/1/5 11/1/5
f 10/1/6 14/1/6 12/1/6 13/1/6
f 18/1/7 21/1/7 22/1/7 24/1/7
f 19/1/8 23/1/8 22/1/8 21/1/8
f 20/1/9 24/1/9 22/1/9 23/1/9
f 25/1/10 28/1/10 29/1/10 31/1/10
f 26/1/11 30/1/11 29/1/11 28/1/11
f 27/1/12 31/1/12 29/1/12 30/1/12
f 32/1/13 35/1/13 36/1/13 38/1/13
f 33/1/14 37/1/14 36/1/14 35/1/14
f 34/1/15 38/1/15 36/1/15 37/1/15
f 39/1/16 42/1/16 43/1/16 45/1/16
f 40/1/17 44/1/17 43/1/17 42/1/17
f 41/1/18 45/1/18 43/1/18 44/1/18
f 49/1/19 52/1/19 53/1/19 55/1/19
f 50/1/20 54/1/20 53/1/20 52/1/20
f 51/1/21 55/1/21 53/1/21 54/1/21
f 56/1/22 59/1/22 60/1/22 62/1/22
f 57/1/23 61/1/23 60/1/23 59/1/23
f 58/1/24 62/1/24 60/1/24 61/1/24
f 63/1/25 66/1/25 67/1/25 69/1/25
f 64/1/26 68/1/26 67/1/26 66/1/26
f 65/1/27 69/1/27 67/1/27 68/1/27
f 70/1/28 73/1/28 74/1/28 76/1/28
f 71/1/29 75/1/29 74/1/29 73/1/29
f 72/1/30 76/1/30 74/1/30 75/1/30
f 77/1/31 80/1/31 81/1/31 83/1/31
f 78/1/32 82/1/32 81/1/32 80/1/32
f 79/1/33 83/1/33 81/1/33 82/1/33
f 84/1/34 87/1/34 88/1/34 90/1/34
f 85/1/35 89/1/35 88/1/35 87/1/35
f 86/1/36 90/1/36 88/1/36 89/1/36
f 94/1/37 97/1/37 98/1/37 100/1/37
f 95/1/38 99/1/38 98/1/38 97/1/38
f 96/1/39 100/1/39 98/1/39 99/1/39
f 101/1/40 104/1/40 105/1/40 107/1/40
f 102/1/41 106/1/41 105/1/41 104/1/41
f 103/1/42 107/1/42 105/1/42 106/1/42
f 114/1/43 117/1/43 118/1/43 120/1/43
f 115/1/44 119/1/44 118/1/44 117/1/44
f 116/1/45 120/1/45 118/1/45 119/1/45
f 124/1/46 127/1/46 128/1/46 130/1/46
f 125/1/47 129/1/47 128/1/47 127/1/47
f 126/1/48 130/1/48 128/1/48 129/1/48
f 131/1/49 134/1/49 135/1/49 137/1/49
f 132/1/50 136/1/50 135/1/50 134/1/50
f 133/1/51 137/1/51 135/1/51 136/1/51
f 138/1/52 141/1/52 142/1/52 144/1/52
f 139/1/53 143/1/53 142/1/53 141/1/53
f 140/1/54 144/1/54 142/1/54 143/1/54
f 151/1/55 154/1/55 155/1/55 157/1/55
f 152/1/56 156/1/56 155/1/56 154/1/56
f 153/1/57 157/1/57 155/1/57 156/1/57
f 173/1/58 176/1/58 177/1/58 179/1/58
f 174/1/59 178/1/59 177/1/59 176/1/59
f 175/1/60 179/1/60 177/1/60 178/1/60
f 180/1/61 183/1/61 184/1/61 186/1/61
f 181/1/62 185/1/62 184/1/62 183/1/62
f 182/1/63 186/1/63 184/1/63 185/1/63
f 196/1/64 199/1/64 200/1/64 202/1/64
f 197/1/65 201/1/65 200/1/65 199/1/65
f 198/1/66 202/1/66 200/1/66 201/1/66
f 212/1/67 215/1/67 216/1/67 218/1/67
f 213/1/68 217/1/68 216/1/68 215/1/68
f 214/1/69 218/1/69 216/1/69 217/1/69
f 228/1/70 231/1/70 232/1/70 234/1/70
f 229/1/71 233/1/71 232/1/71 231/1/71
f 230/1/72 234/1/72 232/1/72 233/1/72
f 250/1/73 253/1/73 254/1/73 256/1/73
f 251/1/74 255/1/74 254/1/74 253/1/74
f 252/1/75 256/1/75 254/1/75 255/1/75
f 257/1/76 260/1/76 261/1/76 263/1/76
f 258/1/77 262/1/77 261/1/77 260/1/77
f 259/1/78 263/1/78 261/1/78 262/1/78
f 267/1/79 270/1/79 271/1/79 273/1/79
f 268/1/80 272/1/80 271/1/80 270/1/80
f 269/1/81 273/1/81 271/1/81 272/1/81
f 277/1/82 280/1/82 281/1/82 283/1/82
f 278/1/83 282/1/83 281/1/83 280/1/83
f 279/1/84 283/1/84 281/1/84 282/1/84
f 290/1/85 293/1/85 294/1/85 296/1/85
f 291/1/86 295/1/86 294/1/86 293/1/86
f 292/1/87 296/1/87 294/1/87 295/1/87
f 297/1/88 300/1/88 301/1/88 303/1/88
f 298/1/89 302/1/89 301/1/89 300/1/89
f 299/1/90 303/1/90 301/1/90 302/1/90
f 307/1/91 310/1/91 311/1/91 313/1/91
f 308/1/92 312/1/92 311/1/92 310/1/92
f 309/1/93 313/1/93 311/1/93 312/1/93
f 317/1/94 320/1/94 321/1/94 323/1/94
f 318/1/95 322/1/95 321/1/95 320/1/95
f 319/1/96 323/1/96 321/1/96 322/1/96
f 324/1/97 327/1/97 328/1/97 330/1/97
f 325/1/98 329/1/98 328/1/98 327/1/98
f 326/1/99 330/1/99 328/1/99 329/1/99
f 334/1/100 337/1/100 338/1/100 340/1/100
f 335/1/101 339/1/101 338/1/101 337/1/101
f 336/1/102 340/1/102 338/1/102 339/1/102
f 341/1/103 344/1/103 345/1/103 347/1/103
f 342/1/104 346/1/104 345/1/104 344/1/104
f 343/1/105 347/1/105 345/1/105 346/1/105
f 348/1/106 351/1/106 352/1/106 354/1/106
f 349/1/107 353/1/107 352/1/107 351/1/107
f 350/1/108 354/1/108 352/1/108 353/1/108
f 355/1/109 358/1/109 359/1/109 361/1/109
f 356/1/110 360/1/110 359/1/110 358/1/110
f 357/1/111 361/1/111 359/1/111 360/1/111
f 362/1/112 365/1/112 366/1/112 368/1/112
f 363/1/113 367/1/113 366/1/113 365/1/113
f 364/1/114 368/1/114 366/1/114 367/1/114
f 369/1/115 372/1/115 373/1/115 375/1/115
f 370/1/116 374/1/116 373/1/116 372/1/116
f 371/1/117 375/1/117 373/1/117 374/1/117
f 376/1/118 379/1/118 380/1/118 382/1/118
f 377/1/119 381/1/119 380/1/119 379/1/119
f 378/1/120 382/1/120 380/1/120 381/1/120
f 383/1/121 386/1/121 387/1/121 389/1/121
f 384/1/122 388/1/122 387/1/122 386/1/122
f 385/1/123 389/1/123 387/1/123 388/1/123
f 393/1/124 396/1/124 397/1/124 399/1/124
f 394/1/125 398/1/125 397/1/125 396/1/125
f 395/1/126 399/1/126 397/1/126 398/1/126
f 400/1/127 403/1/127 404/1/127 406/1/127
f 401/1/128 405/1/128 404/1/128 403/1/128
f 402/1/129 406/1/129 404/1/129 405/1/129
f 407/1/130 410/1/130 411/1/130 413/1/130
f 408/1/131 412/1/131 411/1/131 410/1/131
f 409/1/132 413/1/132 411/1/132 412/1/132
f 414/1/133 417/1/133 418/1/133 420/1/133
f 415/1/134 419/1/134 418/1/134 417/1/134
f 416/1/135 420/1/135 418/1/135 419/1/135
f 424/1/136 427/1/136 428/1/136 430/1/136
f 425/1/137 429/1/137 428/1/137 427/1/137
f 426/1/138 430/1/138 428/1/138 429/1/138
f 431/1/139 434/1/139 435/1/139 437/1/139
f 432/1/140 436/1/140 435/1/140 434/1/140
f 433/1/141 437/1/141 435/1/141 436/1/141
f 441/1/142 444/1/142 445/1/142 447/1/142
f 442/1/143 446/1/143 445/1/143 444/1/143
f 443/1/144 447/1/144 445/1/144 446/1/144
f 448/1/145 451/1/145 452/1/145 454/1/145
f 449/1/146 453/1/146 452/1/146 451/1/146
f 450/1/147 454/1/147 452/1/147 453/1/147
f 461/1/148 464/1/148 465/1/148 467/1/148
f 462/1/149 466/1/149 465/1/149 464/1/149
f 463/1/150 467/1/150 465/1/150 466/1/150
f 468/1/151 471/1/151 472/1/151 474/1/151
f 469/1/152 473/1/152 472/1/152 471/1/152
f 470/1/153 474/1/153 472/1/153 473/1/153
f 478/1/154 481/1/154 482/1/154 484/1/154
f 479/1/155 483/1/155 482/1/155 481/1/155
f 480/1/156 484/1/156 482/1/156 483/1/156
f 485/1/157 488/1/157 489/1/157 491/1/157
f 486/1/158 490/1/158 489/1/158 488/1/158
f 487/1/159 491/1/159 489/1/159 490/1/159
f 492/1/160 495/1/160 496/1/160 498/1/160
f 493/1/161 497/1/161 496/1/161 495/1/161
f 494/1/162 498/1/162 496/1/162 497/1/162
f 508/1/163 511/1/163 512/1/163 514/1/163
f 509/1/164 513/1/164 512/1/164 511/1/164
f 510/1/165 514/1/165 512/1/165 513/1/165
f 515/1/166 518/1/166 519/1/166 521/1/166
f 516/1/167 520/1/167 519/1/167 518/1/167
f 517/1/168 521/1/168 519/1/168 520/1/168
f 522/1/169 525/1/169 526/1/169 528/1/169
f 523/1/170 527/1/170 526/1/170 525/1/170
f 524/1/171 528/1/171 526/1/171 527/1/171
f 529/1/172 532/1/172 533/1/172 535/1/172
f 530/1/173 534/1/173 533/1/173 532/1/173
f 531/1/174 535/1/174 533/1/174 534/1/174
f 536/1/175 539/1/175 540/1/175 542/1/175
f 537/1/176 541/1/176 540/1/176 539/1/176
f 538/1/177 542/1/177 540/1/177 541/1/177
f 546/1/178 549/1/178 550/1/178 552/1/178
f 547/1/179 551/1/179 550/1/179 549/1/179
f 548/1/180 552/1/180 550/1/180 551/1/180
f 553/1/181 556/1/181 557/1/181 559/1/181
f 554/1/182 558/1/182 557/1/182 556/1/182
f 555/1/183 559/1/183 557/1/183 558/1/183
f 566/1/184 569/1/184 570/1/184 572/1/184
f 567/1/185 571/1/185 570/1/185 569/1/185
f 568/1/186 572/1/186 570/1/186 571/1/186
f 573/1/187 576/1/187 577/1/187 579/1/187
f 574/1/188 578/1/188 577/1/188 576/1/188
f 575/1/189 579/1/189 577/1/189 578/1/189
f 580/1/190 583/1/190 584/1/190 586/1/190
f 581/1/191 585/1/191 584/1/191 583/1/191
f 582/1/192 586/1/192 584/1/192 585/1/192
f 587/1/193 590/1/193 591/1/193 593/1/193
f 588/1/194 592/1/194 591/1/194 590/1/194
f 589/1/195 593/1/195 591/1/195 592/1/195
f 594/1/196 597/1/196 598/1/196 600/1/196
f 595/1/197 599/1/197 598/1/197 597/1/197
f 596/1/198 600/1/198 598/1/198 599/1/198
f 601/1/199 604/1/199 605/1/199 607/1/199
f 602/1/200 606/1/200 605/1/200 604/1/200
f 603/1/201 607/1/201 605/1/201 606/1/201
f 608/1/202 611/1/202 612/1/202 614/1/202
f 609/1/203 613/1/203 612/1/203 611/1/203
f 610/1/204 614/1/204 612/1/204 613/1/204
f 615/1/205 618/1/205 619/1/205 621/1/205
f 616/1/206 620/1/206 619/1/206 618/1/206
f 617/1/207 621/1/207 619/1/207 620/1/207
f 625/1/208 628/1/208 629/1/208 631/1/208
f 626/1/209 630/1/209 629/1/209 628/1/209
f 627/1/210 631/1/210 629/1/210 630/1/210
f 632/1/211 635/1/211 636/1/211 638/1/211
f 633/1/212 637/1/212 636/1/212 635/1/212
f 634/1/213 638/1/213 636/1/213 637/1/213
f 642/1/214 645/1/214 646/1/214 648/1/214
f 643/1/215 647/1/215 646/1/215 645/1/215
f 644/1/216 648/1/216 646/1/216 647/1/216
f 652/1/217 655/1/217 656/1/217 658/1/217
f 653/1/218 657/1/218 656/1/218 655/1/218
f 654/1/219 658/1/219 656/1/219 657/1/219
f 659/1/220 662/1/220 663/1/220 665/1/220
f 660/1/221 664/1/221 663/1/221 662/1/221
f 661/1/222 665/1/222 663/1/222 664/1/222
f 666/1/223 669/1/223 670/1/223 672/1/223
f 667/1/224 671/1/224 670/1/224 669/1/224
f 668/1/225 672/1/225 670/1/225 671/1/225
f 673/1/226 676/1/226 677/1/226 679/1/226
f 674/1/227 678/1/227 677/1/227 676/1/227
f 675/1/228 679/1/228 677/1/228 678/1/228
f 686/1/229 689/1/229 690/1/229 692/1/229
f 687/1/230 691/1/230 690/1/230 689/1/230
f 688/1/231 692/1/231 690/1/231 691/1/231
f 693/1/232 696/1/232 697/1/232 699/1/232
f 694/1/233 698/1/233 697/1/233 696/1/233
f 695/1/234 699/1/234 697/1/234 698/1/234
f 700/1/235 703/1/235 704/1/235 706/1/235
f 701/1/236 705/1/236 704/1/236 703/1/236
f 702/1/237 706/1/237 704/1/237 705/1/237
f 707/1/238 710/1/238 711/1/238 713/1/238
f 708/1/239 712/1/239 711/1/239 710/1/239
f 709/1/240 713/1/240 711/1/240 712/1/240
f 717/1/241 720/1/241 721/1/241 723/1/241
f 718/1/242 722/1/242 721/1/242 720/1/242
f 719/1/243 723/1/243 721/1/243 722/1/243
f 724/1/244 727/1/244 728/1/244 730/1/244
f 725/1/245 729/1/245 728/1/245 727/1/245
f 726/1/246 730/1/246 728/1/246 729/1/246
f 731/1/247 734/1/247 735/1/247 737/1/247
f 732/1/248 736/1/248 735/1/248 734/1/248
f 733/1/249 737/1/249 735/1/249 736/1/249
f 738/1/250 741/1/250 742/1/250 744/1/250
f 739/1/251 743/1/251 742/1/251 741/1/251
f 740/1/252 744/1/252 742/1/252 743/1/252
f 745/1/253 748/1/253 749/1/253 751/1/253
f 746/1/254 750/1/254 749/1/254 748/1/254
f 747/1/255 751/1/255 749/1/255 750/1/255
f 752/1/256 755/1/256 756/1/256 758/1/256
f 753/1/257 757/1/257 756/1/257 755/1/257
f 754/1/258 758/1/258 756/1/258 757/1/258
f 762/1/259 765/1/259 766/1/259 768/1/259
f 763/1/260 767/1/260 766/1/260 765/1/260
f 764/1/261 768/1/261 766/1/261 767/1/261
f 772/1/262 775/1/262 776/1/262 778/1/262
f 773/1/263 777/1/263 776/1/263 775/1/263
f 774/1/264 778/1/264 776/1/264 777/1/264
f 779/1/265 782/1/265 783/1/265 785/1/265
f 780/1/266 784/1/266 783/1/266 782/1/266
f 781/1/267 785/1/267 783/1/267 784/1/267
f 786/1/268 789/1/268 790/1/268 792/1/268
f 787/1/269 791/1/269 790/1/269 789/1/269
f 788/1/270 792/1/270 790/1/270 791/1/270
f 796/1/271 799/1/271 800/1/271 802/1/271
f 797/1/272 801/1/272 800/1/272 799/1/272
f 798/1/273 802/1/273 800/1/273 801/1/273
f 806/1/274 809/1/274 810/1/274 812/1/274
f 807/1/275 811/1/275 810/1/275 809/1/275
f 808/1/276 812/1/276 810/1/276 811/1/276
f 813/1/277 816/1/277 817/1/277 819/1/277
f 814/1/278 818/1/278 817/1/278 816/1/278
f 815/1/279 819/1/279 817/1/279 818/1/279
f 820/1/280 823/1/280 824/1/280 826/1/280
f 821/1/281 825/1/281 824/1/281 823/1/281
f 822/1/282 826/1/282 824/1/282 825/1/282
f 827/1/283 830/1/283 831/1/283 833/1/283
f 828/1/284 832/1/284 831/1/284 830/1/284
f 829/1/285 833/1/285 831/1/285 832/1/285
f 837/1/286 840/1/286 841/1/286 843/1/286
f 838/1/287 842/1/287 841/1/287 840/1/287
f 839/1/288 843/1/288 841/1/288 842/1/288
f 844/1/289 847/1/289 848/1/289 850/1/289
f 845/1/290 849/1/290 848/1/290 847/1/290
f 846/1/291 850/1/291 848/1/291 849/1/291
f 851/1/292 854/1/292 855/1/292 857/1/292
f 852/1/293 856/1/293 855/1/293 854/1/293
f 853/1/294 857/1/294 855/1/294 856/1/294
f 858/1/295 861/1/295 862/1/295 864/1/295
f 859/1/296 863/1/296 862/1/296 861/1/296
f 860/1/297 864/1/297 862/1/297 863/1/297
f 865/1/298 868/1/298 869/1/298 871/1/298
f 866/1/299 870/1/299 869/1/299 868/1/299
f 867/1/300 871/1/300 869/1/300 870/1/300
f 872/1/301 875/1/301 876/1/301 878/1/301
f 873/1/302 877/1/302 876/1/302 875/1/302
f 874/1/303 878/1/303 876/1/303 877/1/303
f 879/1/304 882/1/304 883/1/304 885/1/304
f 880/1/305 884/1/305 883/1/305 882/1/305
f 881/1/306 885/1/306 883/1/306 884/1/306
f 886/1/307 889/1/307 890/1/307 892/1/307
f 887/1/308 891/1/308 890/1/308 889/1/308
f 888/1/309 892/1/309 890/1/309 891/1/309
f 893/1/310 896/1/310 897/1/310 899/1/310
f 894/1/311 898/1/311 897/1/311 896/1/311
f 895/1/312 899/1/312 897/1/312 898/1/312
f 915/1/313 918/1/313 919/1/313 921/1/313
f 916/1/314 920/1/314 919/1/314 918/1/314
f 917/1/315 921/1/315 919/1/315 920/1/315
f 922/1/316 925/1/316 926/1/316 928/1/316
f 923/1/317 927/1/317 926/1/317 925/1/317
f 924/1/318 928/1/318 926/1/318 927/1/318
f 932/1/319 935/1/319 936/1/319 938/1/319
f 933/1/320 937/1/320 936/1/320 935/1/320
f 934/1/321 938/1/321 936/1/321 937/1/321
f 939/1/322 942/1/322 943/1/322 945/1/322
f 940/1/323 944/1/323 943/1/323 942/1/323
f 941/1/324 945/1/324 943/1/324 944/1/324
f 946/1/325 949/1/325 950/1/325 952/1/325
f 947/1/326 951/1/326 950/1/326 949/1/326
f 948/1/327 952/1/327 950/1/327 951/1/327
f 953/1/328 956/1/328 957/1/328 959/1/328
f 954/1/329 958/1/329 957/1/329 956/1/329
f 955/1/330 959/1/330 957/1/330 958/1/330
f 963/1/331 966/1/331 967/1/331 969/1/331
f 964/1/332 968/1/332 967/1/332 966/1/332
f 965/1/333 969/1/333 967/1/333 968/1/333
f 970/1/334 973/1/334 974/1/334 976/1/334
f 971/1/335 975/1/335 974/1/335 973/1/335
f 972/1/336 976/1/336 974/1/336 975/1/336
f 977/1/337 980/1/337 981/1/337 983/1/337
f 978/1/338 982/1/338 981/1/338 980/1/338
f 979/1/339 983/1/339 981/1/339 982/1/339
f 984/1/340 987/1/340 988/1/340 990/1/340
f 985/1/341 989/1/341 988/1/341 987/1/341
f 986/1/342 990/1/342 988/1/342 989/1/342
f 991/1/343 994/1/343 995/1/343 997/1/343
f 992/1/344 996/1/344 995/1/344 994/1/344
f 993/1/345 997/1/345 995/1/345 996/1/345
f 998/1/346 1001/1/346 1002/1/346 1004/1/346
f 999/1/347 1003/1/347 1002/1/347 1001/1/347
f 1000/1/348 1004/1/348 1002/1/348 1003/1/348
f 1008/1/349 1011/1/349 1012/1/349 1014/1/349
f 1009/1/350 1013/1/350 1012/1/350 1011/1/350
f 1010/1/351 1014/1/351 1012/1/351 1013/1/351
f 1015/1/352 1018/1/352 1019/1/352 1021/1/352
f 1016/1/353 1020/1/353 1019/1/353 1018/1/353
f 1017/1/354 1021/1/354 1019/1/354 1020/1/354
f 1028/1/355 1031/1/355 1032/1/355 1034/1/355
f 1029/1/356 1033/1/356 1032/1/356 1031/1/356
f 1030/1/357 1034/1/357 1032/1/357 1033/1/357
f 1038/1/358 1041/1/358 1042/1/358 1044/1/358
f 1039/1/359 1043/1/359 1042/1/359 1041/1/359
f 1040/1/360 1044/1/360 1042/1/360 1043/1/360
f 1045/1/361 1048/1/361 1049/1/361 1051/1/361
f 1046/1/362 1050/1/362 1049/1/362 1048/1/362
f 1047/1/363 1051/1/363 1049/1/363 1050/1/363
f 1052/1/364 1055/1/364 1056/1/364 1058/1/364
f 1053/1/365 1057/1/365 1056/1/365 1055/1/365
f 1054/1/366 1058/1/366 1056/1/366 1057/1/366
f 1065/1/367 1068/1/367 1069/1/367 1071/1/367
f 1066/1/368 1070/1/368 1069/1/368 1068/1/368
f 1067/1/369 1071/1/369 1069/1/369 1070/1/369
f 1087/1/370 1090/1/370 1091/1/370 1093/1/370
f 1088/1/371 1092/1/371 1091/1/371 1090/1/371
f 1089/1/372 1093/1/372 1091/1/372 1092/1/372
f 1094/1/373 1097/1/373 1098/1/373 1100/1/373
f 1095/1/374 1099/1/374 1098/1/374 1097/1/374
f 1096/1/375 1100/1/375 1098/1/375 1099/1/375
f 1110/1/376 1113/1/376 1114/1/376 1116/1/376
f 1111/1/377 1115/1/377 1114/1/377 1113/1/377
f 1112/1/378 1116/1/378 1114/1/378 1115/1/378
f 1126/1/379 1129/1/379 1130/1/379 1132/1/379
f 1127/1/380 1131/1/380 1130/1/380 1129/1/380
f 1128/1/381 1132/1/381 1130/1/381 1131/1/381
f 1142/1/382 1145/1/382 1146/1/382 1148/1/382
f 1143/1/383 1147/1/383 1146/1/383 1145/1/383
f 1144/1/384 1148/1/384 1146/1/384 1147/1/384
f 1164/1/385 1167/1/385 1168/1/385 1170/1/385
f 1165/1/386 1169/1/386 1168/1/386 1167/1/386
f 1166/1/387 1170/1/387 1168/1/387 1169/1/387
f 1171/1/388 1174/1/388 1175/1/388 1177/1/388
f 1172/1/389 1176/1/389 1175/1/389 1174/1/389
f 1173/1/390 1177/1/390 1175/1/390 1176/1/390
f 1181/1/391 1184/1/391 1185/1/391 1187/1/391
f 1182/1/392 1186/1/392 1185/1/392 1184/1/392
f 1183/1/393 1187/1/393 1185/1/393 1186/1/393
f 1191/1/394 1194/1/394 1195/1/394 1197/1/394
f 1192/1/395 1196/1/395 1195/1/395 1194/1/395
f 1193/1/396 1197/1/396 1195/1/396 1196/1/396
f 1204/1/397 1207/1/397 1208/1/397 1210/1/397
f 1205/1/398 1209/1/398 1208/1/398 1207/1/398
f 1206/1/399 1210/1/399 1208/1/399 1209/1/399
f 1211/1/400 1214/1/400 1215/1/400 1217/1/400
f 1212/1/401 1216/1/401 1215/1/401 1214/1/401
f 1213/1/402 1217/1/402 1215/1/402 1216/1/402
f 1221/1/403 1224/1/403 1225/1/403 1227/1/403
f 1222/1/404 1226/1/404 1225/1/404 1224/1/404
f 1223/1/405 1227/1/405 1225/1/405 1226/1/405
f 1231/1/406 1234/1/406 1235/1/406 1237/1/406
f 1232/1/407 1236/1/407 1235/1/407 1234/1/407
f 1233/1/408 1237/1/408 1235/1/408 1236/1/408
f 1238/1/409 1241/1/409 1242/1/409 1244/1/409
f 1239/1/410 1243/1/410 1242/1/410 1241/1/410
f 1240/1/411 1244/1/411 1242/1/411 1243/1/411
f 1248/1/412 1251/1/412 1252/1/412 1254/1/412
f 1249/1/413 1253/1/413 1252/1/413 1251/1/413
f 1250/1/414 1254/1/414 1252/1/414 1253/1/414
f 1255/1/415 1258/1/415 1259/1/415 1261/1/415
f 1256/1/416 1260/1/416 1259/1/416 1258/1/416
f 1257/1/417 1261/1/417 1259/1/417 1260/1/417
f 1262/1/418 1265/1/418 1266/1/418 1268/1/418
f 1263/1/419 1267/1/419 1266/1/419 1265/1/419
f 1264/1/420 1268/1/420 1266/1/420 1267/1/420
f 1269/1/421 1272/1/421 1273/1/421 1275/1/421
f 1270/1/422 1274/1/422 1273/1/422 1272/1/422
f 1271/1/423 1275/1/423 1273/1/423 1274/1/423
f 1276/1/424 1279/1/424 1280/1/424 1282/1/424
f 1277/1/425 1281/1/425 1280/1/425 1279/1/425
f 1278/1/426 1282/1/426 1280/1/426 1281/1/426
f 1283/1/427 1286/1/427 1287/1/427 1289/1/427
f 1284/1/428 1288/1/428 1287/1/428 1286/1/428
f 1285/1/429 1289/1/429 1287/1/429 1288/1/429
f 1290/1/430 1293/1/430 1294/1/430 1296/1/430
f 1291/1/431 1295/1/431 1294/1/431 1293/1/431
f 1292/1/432 1296/1/432 1294/1/432 1295/1/432
f 1297/1/433 1300/1/433 1301/1/433 1303/1/433
f 1298/1/434 1302/1/434 1301/1/434 1300/1/434
f 1299/1/435 1303/1/435 1301/1/435 1302/1/435
f 1307/1/436 1310/1/436 1311/1/436 1313/1/436
f 1308/1/437 1312/1/437 1311/1/437 1310/1/437
f 1309/1/438 1313/1/438 1311/1/438 1312/1/438
f 1314/1/439 1317/1/439 1318/1/439 1320/1/439
f 1315/1/440 1319/1/440 1318/1/440 1317/1/440
f 1316/1/441 1320/1/441 1318/1/441 1319/1/441
f 1321/1/442 1324/1/442 1325/1/442 1327/1/442
f 1322/1/443 1326/1/443 1325/1/443 1324/1/443
f 1323/1/444 1327/1/444 1325/1/444 1326/1/444
f 1328/1/445 1331/1/445 1332/1/445 1334/1/445
f 1329/1/446 1333/1/446 1332/1/446 1331/1/446
f 1330/1/447 1334/1/447 1332/1/447 1333/1/447
f 1338/1/448 1341/1/448 1342/1/448 1344/1/448
f 1339/1/449 1343/1/449 1342/1/449 1341/1/449
f 1340/1/450 1344/1/450 1342/1/450 1343/1/450
f 1345/1/451 1348/1/451 1349/1/451 1351/1/451
f 1346/1/452 1350/1/452 1349/1/452 1348/1/452
f 1347/1/453 1351/1/453 1349/1/453 1350/1/453
f 1355/1/454 1358/1/454 1359/1/454 1361/1/454
f 1356/1/455 1360/1/455 1359/1/455 1358/1/455
f 1357/1/456 1361/1/456 1359/1/456 1360/1/456
f 1362/1/457 1365/1/457 1366/1/457 1368/1/457
f 1363/1/458 1367/1/458 1366/1/458 1365/1/458
f 1364/1/459 1368/1/459 1366/1/459 1367/1/459
f 1375/1/460 1378/1/460 1379/1/460 1381/1/460
f 1376/1/461 1380/1/461 1379/1/461 1378/1/461
f 1377/1/462 1381/1/462 1379/1/462 1380/1/462
f 1382/1/463 1385/1/463 1386/1/463 1388/1/463
f 1383/1/464 1387/1/464 1386/1/464 1385/1/464
f 1384/1/465 1388/1/465 1386/1/465 1387/1/465
f 1392/1/466 1395/1/466 1396/1/466 1398/1/466
f 1393/1/467 1397/1/467 1396/1/467 1395/1/467
f 1394/1/468 1398/1/468 1396/1/468 1397/1/468
f 1399/1/469 1402/1/469 1403/1/469 1405/1/469
f 1400/1/470 1404/1/470 1403/1/470 1402/1/470
f 1401/1/471 1405/1/471 1403/1/471 1404/1/471
f 1406/1/472 1409/1/472 1410/1/472 1412/1/472
f 1407/1/473 1411/1/473 1410/1/473 1409/1/473
f 1408/1/474 1412/1/474 1410/1/474 1411/1/474
f 1422/1/475 1425/1/475 1426/1/475 1428/1/475
f 1423/1/476 1427/1/476 1426/1/476 1425/1/476
f 1424/1/477 1428/1/477 1426/1/477 1427/1/477
f 1429/1/478 1432/1/478 1433/1/478 1435/1/478
f 1430/1/479 1434/1/479 1433/1/479 1432/1/479
f 1431/1/480 1435/1/480 1433/1/480 1434/1/480
f 1436/1/481 1439/1/481 1440/1/481 1442/1/481
f 1437/1/482 1441/1/482 1440/1/482 1439/1/482
f 1438/1/483 1442/1/483 1440/1/483 1441/1/483
f 1443/1/484 1446/1/484 1447/1/484 1449/1/484
f 1444/1/485 1448/1/485 1447/1/485 1446/1/485
f 1445/1/486 1449/1/486 1447/1/486 1448/1/486
f 1450/1/487 1453/1/487 1454/1/487 1456/1/487
f 1451/1/488 1455/1/488 1454/1/488 1453/1/488
f 1452/1/489 1456/1/489 1454/1/489 1455/1/489
f 1460/1/490 1463/1/490 1464/1/490 1466/1/490
f 1461/1/491 1465/1/491 1464/1/491 1463/1/491
f 1462/1/492 1466/1/492 1464/1/492 1465/1/492
f 1467/1/493 1470/1/493 1471/1/493 1473/1/493
f 1468/1/494 1472/1/494 1471/1/494 1470/1/494
f 1469/1/495 1473/1/495 1471/1/495 1472/1/495
f 1480/1/496 1483/1/496 1484/1/496 1486/1/496
f 1481/1/497 1485/1/497 1484/1/497 1483/1/497
f 1482/1/498 1486/1/498 1484/1/498 1485/1/498
f 1487/1/499 1490/1/499 1491/1/499 1493/1/499
f 1488/1/500 1492/1/500 1491/1/500 1490/1/500
f 1489/1/501 1493/1/501 1491/1/501 1492/1/501
f 1494/1/502 1497/1/502 1498/1/502 1500/1/502
f 1495/1/503 1499/1/503 1498/1/503 1497/1/503
f 1496/1/504 1500/1/504 1498/1/504 1499/1/504
f 1501/1/505 1504/1/505 1505/1/505 1507/1/505
f 1502/1/506 1506/1/506 1505/1/506 1504/1/506
f 1503/1/507 1507/1/507 1505/1/507 1506/1/507
f 1508/1/508 1511/1/508 1512/1/508 1514/1/508
f 1509/1/509 1513/1/509 1512/1/509 1511/1/509
f 1510/1/510 1514/1/510 1512/1/510 1513/1/510
f 1515/1/511 1518/1/511 1519/1/511 1521/1/511
f 1516/1/512 1520/1/512 1519/1/512 1518/1/512
f 1517/1/513 1521/1/513 1519/1/513 1520/1/513
f 1522/1/514 1525/1/514 1526/1/514 1528/1/514
f 1523/1/515 1527/1/515 1526/1/515 1525/1/515
f 1524/1/516 1528/1/516 1526/1/516 1527/1/516
f 1529/1/517 1532/1/517 1533/1/517 1535/1/517
f 1530/1/518 1534/1/518 1533/1/518 1532/1/518
f 1531/1/519 1535/1/519 1533/1/519 1534/1/519
f 1539/1/520 1542/1/520 1543/1/520 1545/1/520
f 1540/1/521 1544/1/521 1543/1/521 1542/1/521
f 1541/1/522 1545/1/522 1543/1/522 1544/1/522
f 1546/1/523 1549/1/523 1550/1/523 1552/1/523
f 1547/1/524 1551/1/524 1550/1/524 1549/1/524
f 1548/1/525 1552/1/525 1550/1/525 1551/1/525
f 1556/1/526 1559/1/526 1560/1/526 1562/1/526
f 1557/1/527 1561/1/527 1560/1/527 1559/1/527
f 1558/1/528 1562/1/528 1560/1/528 1561/1/528
f 1566/1/529 1569/1/529 1570/1/529 1572/1/529
f 1567/1/530 1571/1/530 1570/1/530 1569/1/530
f 1568/1/531 1572/1/531 1570/1/531 1571/1/531
f 1573/1/532 1576/1/532 1577/1/532 1579/1/532
f 1574/1/533 1578/1/533 1577/1/533 1576/1/533
f 1575/1/534 1579/1/534 1577/1/534 1578/1/534
f 1580/1/535 1583/1/535 1584/1/535 1586/1/535
f 1581/1/536 1585/1/536 1584/1/536 1583/1/536
f 1582/1/537 1586/1/537 1584/1/537 1585/1/537
f 1587/1/538 1590/1/538 1591/1/538 1593/1/538
f 1588/1/539 1592/1/539 1591/1/539 1590/1/539
f 1589/1/540 1593/1/540 1591/1/540 1592/1/540
f 1600/1/541 1603/1/541 1604/1/541 1606/1/541
f 1601/1/542 1605/1/542 1604/1/542 1603/1/542
f 1602/1/543 1606/1/543 1604/1/543 1605/1/543
f 1607/1/544 1610/1/544 1611/1/544 1613/1/544
f 1608/1/545 1612/1/545 1611/1/545 1610/1/545
f 1609/1/546 1613/1/546 1611/1/546 1612/1/546
f 1614/1/547 1617/1/547 1618/1/547 1620/1/547
f 1615/1/548 1619/1/548 1618/1/548 1617/1/548
f 1616/1/549 1620/1/549 1618/1/549 1619/1/549
f 1621/1/550 1624/1/550 1625/1/550 1627/1/550
f 1622/1/551 1626/1/551 1625/1/551 1624/1/551
f 1623/1/552 1627/1/552 1625/1/552 1626/1/552
f 1631/1/553 1634/1/553 1635/1/553 1637/1/553
f 1632/1/554 1636/1/554 1635/1/554 1634/1/554
f 1633/1/555 1637/1/555 1635/1/555 1636/1/555
f 1638/1/556 1641/1/556 1642/1/556 1644/1/556
f 1639/1/557 1643/1/557 1642/1/557 1641/1/557
f 1640/1/558 1644/1/558 1642/1/558 1643/1/558
f 1645/1/559 1648/1/559 1649/1/559 1651/1/559
f 1646/1/560 1650/1/560 1649/1/560 1648/1/560
f 1647/1/561 1651/1/561 1649/1/561 1650/1/561
f 1652/1/562 1655/1/562 1656/1/562 1658/1/562
f 1653/1/563 1657/1/563 1656/1/563 1655/1/563
f 1654/1/564 1658/1/564 1656/1/564 1657/1/564
f 1659/1/565 1662/1/565 1663/1/565 1665/1/565
f 1660/1/566 1664/1/566 1663/1/566 1662/1/566
f 1661/1/567 1665/1/567 1663/1/567 1664/1/567
f 1666/1/568 1669/1/568 1670/1/568 1672/1/568
f 1667/1/569 1671/1/569 1670/1/569 1669/1/569
f 1668/1/570 1672/1/570 1670/1/570 1671/1/570
f 1676/1/571 1679/1/571 1680/1/571 1682/1/571
f 1677/1/572 1681/1/572 1680/1/572 1679/1/572
f 1678/1/573 1682/1/573 1680/1/573 1681/1/573
f 1686/1/574 1689/1/574 1690/1/574 1692/1/574
f 1687/1/575 1691/1/575 1690/1/575 1689/1/575
f 1688/1/576 1692/1/576 1690/1/576 1691/1/576
f 1693/1/577 1696/1/577 1697/1/577 1699/1/577
f 1694/1/578 1698/1/578 1697/1/578 1696/1/578
f 1695/1/579 1699/1/579 1697/1/579 1698/1/579
f 1700/1/580 1703/1/580 1704/1/580 1706/1/580
f 1701/1/581 1705/1/581 1704/1/581 1703/1/581
f 1702/1/582 1706/1/582 1704/1/582 1705/1/582
f 1710/1/583 1713/1/583 1714/1/583 1716/1/583
f 1711/1/584 1715/1/584 1714/1/584 1713/1/584
f 1712/1/585 1716/1/585 1714/1/585 1715/1/585
f 1720/1/586 1723/1/586 1724/1/586 1726/1/586
f 1721/1/587 1725/1/587 1724/1/587 1723/1/587
f 1722/1/588 1726/1/588 1724/1/588 1725/1/588
f 1727/1/589 1730/1/589 1731/1/589 1733/1/589
f 1728/1/590 1732/1/590 1731/1/590 1730/1/590
f 1729/1/591 1733/1/591 1731/1/591 1732/1/591
f 1734/1/592 1737/1/592 1738/1/592 1740/1/592
f 1735/1/593 1739/1/593 1738/1/593 1737/1/593
f 1736/1/594 1740/1/594 1738/1/594 1739/1/594
f 1741/1/595 1744/1/595 1745/1/595 1747/1/595
f 1742/1/596 1746/1/596 1745/1/596 1744/1/596
f 1743/1/597 1747/1/597 1745/1/597 1746/1/597
f 1751/1/598 1754/1/598 1755/1/598 1757/1/598
f 1752/1/599 1756/1/599 1755/1/599 1754/1/599
f 1753/1/600 1757/1/600 1755/1/600 1756/1/600
f 1758/1/601 1761/1/601 1762/1/601 1764/1/601
f 1759/1/602 1763/1/602 1762/1/602 1761/1/602
f 1760/1/603 1764/1/603 1762/1/603 1763/1/603
f 1765/1/604 1768/1/604 1769/1/604 1771/1/604
f 1766/1/605 1770/1/605 1769/1/605 1768/1/605
f 1767/1/606 1771/1/606 1769/1/606 1770/1/606
f 1772/1/607 1775/1/607 1776/1/607 1778/1/607
f 1773/1/608 1777/1/608 1776/1/608 1775/1/608
f 1774/1/609 1778/1/609 1776/1/609 1777/1/609
f 1779/1/610 1782/1/610 1783/1/610 1785/1/610
f 1780/1/611 1784/1/611 1783/1/611 1782/1/611
f 1781/1/612 1785/1/612 1783/1/612 1784/1/612
f 1786/1/613 1789/1/613 1790/1/613 1792/1/613
f 1787/1/614 1791/1/614 1790/1/614 1789/1/614
f 1788/1/615 1792/1/615 1790/1/615 1791/1/615
f 1793/1/616 1796/1/616 1797/1/616 1799/1/616
f 1794/1/617 1798/1/617 1797/1/617 1796/1/617
f 1795/1/618 1799/1/618 1797/1/618 1798/1/618
f 1800/1/619 1803/1/619 1804/1/619 1806/1/619
f 1801/1/620 1805/1/620 1804/1/620 1803/1/620
f 1802/1/621 1806/1/621 1804/1/621 1805/1/621
f 1807/1/622 1810/1/622 1811/1/622 1813/1/622
f 1808/1/623 1812/1/623 1811/1/623 1810/1/623
f 1809/1/624 1813/1/624 1811/1/624 1812/1/624
f 191/1/625 2/1/625 4/1/625 192/1/625
f 192/1/626 4/1/626 1/1/626 190/1/626
f 194/1/627 9/1/627 11/1/627 195/1/627
f 195/1/628 11/1/628 8/1/628 193/1/628
f 207/1/629 15/1/629 17/1/629 208/1/629
f 208/1/630 17/1/630 16/1/630 206/1/630
f 230/1/631 19/1/631 21/1/631 234/1/631
f 234/1/632 21/1/632 18/1/632 228/1/632
f 34/1/633 26/1/633 28/1/633 38/1/633
f 38/1/634 28/1/634 25/1/634 32/1/634
f 265/1/635 34/1/635 37/1/635 266/1/635
f 266/1/636 37/1/636 33/1/636 264/1/636
f 269/1/637 40/1/637 42/1/637 273/1/637
f 273/1/638 42/1/638 39/1/638 267/1/638
f 51/1/639 46/1/639 48/1/639 55/1/639
f 55/1/640 48/1/640 47/1/640 49/1/640
f 58/1/641 51/1/641 54/1/641 62/1/641
f 62/1/642 54/1/642 50/1/642 56/1/642
f 65/1/643 58/1/643 61/1/643 69/1/643
f 69/1/644 61/1/644 57/1/644 63/1/644
f 288/1/645 65/1/645 68/1/645 289/1/645
f 289/1/646 68/1/646 64/1/646 287/1/646
f 79/1/647 71/1/647 73/1/647 83/1/647
f 83/1/648 73/1/648 70/1/648 77/1/648
f 86/1/649 79/1/649 82/1/649 90/1/649
f 90/1/650 82/1/650 78/1/650 84/1/650
f 92/1/651 86/1/651 89/1/651 93/1/651
f 93/1/652 89/1/652 85/1/652 91/1/652
f 96/1/653 92/1/653 93/1/653 100/1/653
f 100/1/654 93/1/654 91/1/654 94/1/654
f 103/1/655 96/1/655 99/1/655 107/1/655
f 107/1/656 99/1/656 95/1/656 101/1/656
f 109/1/657 103/1/657 106/1/657 110/1/657
f 110/1/658 106/1/658 102/1/658 108/1/658
f 350/1/659 109/1/659 110/1/659 354/1/659
f 354/1/660 110/1/660 108/1/660 348/1/660
f 402/1/661 111/1/661 113/1/661 406/1/661
f 406/1/662 113/1/662 112/1/662 400/1/662
f 364/1/663 115/1/663 117/1/663 368/1/663
f 368/1/664 117/1/664 114/1/664 362/1/664
f 409/1/665 121/1/665 123/1/665 413/1/665
f 413/1/666 123/1/666 122/1/666 407/1/666
f 456/1/667 125/1/667 127/1/667 457/1/667
f 457/1/668 127/1/668 124/1/668 455/1/668
f 764/1/669 132/1/669 134/1/669 768/1/669
f 768/1/670 134/1/670 131/1/670 762/1/670
f 391/1/671 139/1/671 141/1/671 392/1/671
f 392/1/672 141/1/672 138/1/672 390/1/672
f 395/1/673 145/1/673 147/1/673 399/1/673
f 399/1/674 147/1/674 146/1/674 393/1/674
f 794/1/675 148/1/675 150/1/675 795/1/675
f 795/1/676 150/1/676 149/1/676 793/1/676
f 175/1/677 152/1/677 154/1/677 179/1/677
f 179/1/678 154/1/678 151/1/678 173/1/678
f 162/1/679 158/1/679 160/1/679 163/1/679
f 163/1/680 160/1/680 159/1/680 161/1/680
f 165/1/681 162/1/681 163/1/681 166/1/681
f 166/1/682 163/1/682 161/1/682 164/1/682
f 168/1/683 165/1/683 166/1/683 169/1/683
f 169/1/684 166/1/684 164/1/684 167/1/684
f 171/1/685 168/1/685 169/1/685 172/1/685
f 172/1/686 169/1/686 167/1/686 170/1/686
f 2/1/687 171/1/687 172/1/687 6/1/687
f 6/1/688 172/1/688 170/1/688 3/1/688
f 158/1/689 175/1/689 178/1/689 160/1/689
f 160/1/690 178/1/690 174/1/690 159/1/690
f 198/1/691 181/1/691 183/1/691 202/1/691
f 202/1/692 183/1/692 180/1/692 196/1/692
f 214/1/693 187/1/693 189/1/693 218/1/693
f 218/1/694 189/1/694 188/1/694 212/1/694
f 181/1/695 191/1/695 192/1/695 185/1/695
f 185/1/696 192/1/696 190/1/696 182/1/696
f 187/1/697 194/1/697 195/1/697 189/1/697
f 189/1/698 195/1/698 193/1/698 188/1/698
f 9/1/699 198/1/699 201/1/699 13/1/699
f 13/1/700 201/1/700 197/1/700 10/1/700
f 226/1/701 203/1/701 205/1/701 227/1/701
f 227/1/702 205/1/702 204/1/702 225/1/702
f 19/1/703 207/1/703 208/1/703 23/1/703
f 23/1/704 208/1/704 206/1/704 20/1/704
f 236/1/705 209/1/705 211/1/705 237/1/705
f 237/1/706 211/1/706 210/1/706 235/1/706
f 223/1/707 214/1/707 217/1/707 224/1/707
f 224/1/708 217/1/708 213/1/708 222/1/708
f 15/1/709 219/1/709 221/1/709 17/1/709
f 17/1/710 221/1/710 220/1/710 16/1/710
f 203/1/711 223/1/711 224/1/711 205/1/711
f 205/1/712 224/1/712 222/1/712 204/1/712
f 219/1/713 226/1/713 227/1/713 221/1/713
f 221/1/714 227/1/714 225/1/714 220/1/714
f 209/1/715 230/1/715 233/1/715 211/1/715
f 211/1/716 233/1/716 229/1/716 210/1/716
f 242/1/717 236/1/717 237/1/717 243/1/717
f 243/1/718 237/1/718 235/1/718 241/1/718
f 245/1/719 238/1/719 240/1/719 246/1/719
f 246/1/720 240/1/720 239/1/720 244/1/720
f 238/1/721 242/1/721 243/1/721 240/1/721
f 240/1/722 243/1/722 241/1/722 239/1/722
f 252/1/723 245/1/723 246/1/723 256/1/723
f 256/1/724 246/1/724 244/1/724 250/1/724
f 259/1/725 247/1/725 249/1/725 263/1/725
f 263/1/726 249/1/726 248/1/726 257/1/726
f 247/1/727 252/1/727 255/1/727 249/1/727
f 249/1/728 255/1/728 251/1/728 248/1/728
f 26/1/729 259/1/729 262/1/729 30/1/729
f 30/1/730 262/1/730 258/1/730 27/1/730
f 40/1/731 265/1/731 266/1/731 44/1/731
f 44/1/732 266/1/732 264/1/732 41/1/732
f 46/1/733 269/1/733 272/1/733 48/1/733
f 48/1/734 272/1/734 268/1/734 47/1/734
f 292/1/735 274/1/735 276/1/735 296/1/735
f 296/1/736 276/1/736 275/1/736 290/1/736
f 299/1/737 278/1/737 280/1/737 303/1/737
f 303/1/738 280/1/738 277/1/738 297/1/738
f 315/1/739 284/1/739 286/1/739 316/1/739
f 316/1/740 286/1/740 285/1/740 314/1/740
f 278/1/741 288/1/741 289/1/741 282/1/741
f 282/1/742 289/1/742 287/1/742 279/1/742
f 284/1/743 292/1/743 295/1/743 286/1/743
f 286/1/744 295/1/744 291/1/744 285/1/744
f 274/1/745 299/1/745 302/1/745 276/1/745
f 276/1/746 302/1/746 298/1/746 275/1/746
f 326/1/747 304/1/747 306/1/747 330/1/747
f 330/1/748 306/1/748 305/1/748 324/1/748
f 319/1/749 308/1/749 310/1/749 323/1/749
f 323/1/750 310/1/750 307/1/750 317/1/750
f 308/1/751 315/1/751 316/1/751 312/1/751
f 312/1/752 316/1/752 314/1/752 309/1/752
f 304/1/753 319/1/753 322/1/753 306/1/753
f 306/1/754 322/1/754 318/1/754 305/1/754
f 336/1/755 326/1/755 329/1/755 340/1/755
f 340/1/756 329/1/756 325/1/756 334/1/756
f 343/1/757 331/1/757 333/1/757 347/1/757
f 347/1/758 333/1/758 332/1/758 341/1/758
f 331/1/759 336/1/759 339/1/759 333/1/759
f 333/1/760 339/1/760 335/1/760 332/1/760
f 71/1/761 343/1/761 346/1/761 75/1/761
f 75/1/762 346/1/762 342/1/762 72/1/762
f 111/1/763 350/1/763 353/1/763 113/1/763
f 113/1/764 353/1/764 349/1/764 112/1/764
f 115/1/765 356/1/765 358/1/765 119/1/765
f 119/1/766 358/1/766 355/1/766 116/1/766
f 121/1/767 364/1/767 367/1/767 123/1/767
f 123/1/768 367/1/768 363/1/768 122/1/768
f 125/1/769 370/1/769 372/1/769 129/1/769
f 129/1/770 372/1/770 369/1/770 126/1/770
f 603/1/771 377/1/771 379/1/771 607/1/771
f 607/1/772 379/1/772 376/1/772 601/1/772
f 139/1/773 384/1/773 386/1/773 143/1/773
f 143/1/774 386/1/774 383/1/774 140/1/774
f 145/1/775 391/1/775 392/1/775 147/1/775
f 147/1/776 392/1/776 390/1/776 146/1/776
f 148/1/777 395/1/777 398/1/777 150/1/777
f 150/1/778 398/1/778 394/1/778 149/1/778
f 356/1/779 402/1/779 405/1/779 360/1/779
f 360/1/780 405/1/780 401/1/780 357/1/780
f 370/1/781 409/1/781 412/1/781 374/1/781
f 374/1/782 412/1/782 408/1/782 371/1/782
f 459/1/783 415/1/783 417/1/783 460/1/783
f 460/1/784 417/1/784 414/1/784 458/1/784
f 463/1/785 421/1/785 423/1/785 467/1/785
f 467/1/786 423/1/786 422/1/786 461/1/786
f 500/1/787 425/1/787 427/1/787 501/1/787
f 501/1/788 427/1/788 424/1/788 499/1/788
f 476/1/789 432/1/789 434/1/789 477/1/789
f 477/1/790 434/1/790 431/1/790 475/1/790
f 480/1/791 438/1/791 440/1/791 484/1/791
f 484/1/792 440/1/792 439/1/792 478/1/792
f 487/1/793 442/1/793 444/1/793 491/1/793
f 491/1/794 444/1/794 441/1/794 485/1/794
f 524/1/795 449/1/795 451/1/795 528/1/795
f 528/1/796 451/1/796 448/1/796 522/1/796
f 432/1/797 456/1/797 457/1/797 436/1/797
f 436/1/798 457/1/798 455/1/798 433/1/798
f 438/1/799 459/1/799 460/1/799 440/1/799
f 440/1/800 460/1/800 458/1/800 439/1/800
f 442/1/801 463/1/801 466/1/801 446/1/801
f 446/1/802 466/1/802 462/1/802 443/1/802
f 506/1/803 469/1/803 471/1/803 507/1/803
f 507/1/804 471/1/804 468/1/804 505/1/804
f 421/1/805 476/1/805 477/1/805 423/1/805
f 423/1/806 477/1/806 475/1/806 422/1/806
f 510/1/807 480/1/807 483/1/807 514/1/807
f 514/1/808 483/1/808 479/1/808 508/1/808
f 415/1/809 487/1/809 490/1/809 419/1/809
f 419/1/810 490/1/810 486/1/810 416/1/810
f 548/1/811 493/1/811 495/1/811 552/1/811
f 552/1/812 495/1/812 492/1/812 546/1/812
f 564/1/813 500/1/813 501/1/813 565/1/813
f 565/1/814 501/1/814 499/1/814 563/1/814
f 538/1/815 502/1/815 504/1/815 542/1/815
f 542/1/816 504/1/816 503/1/816 536/1/816
f 544/1/817 506/1/817 507/1/817 545/1/817
f 545/1/818 507/1/818 505/1/818 543/1/818
f 425/1/819 510/1/819 513/1/819 429/1/819
f 429/1/820 513/1/820 509/1/820 426/1/820
f 770/1/821 516/1/821 518/1/821 771/1/821
f 771/1/822 518/1/822 515/1/822 769/1/822
f 502/1/823 524/1/823 527/1/823 504/1/823
f 504/1/824 527/1/824 523/1/824 503/1/824
f 568/1/825 530/1/825 532/1/825 572/1/825
f 572/1/826 532/1/826 529/1/826 566/1/826
f 493/1/827 538/1/827 541/1/827 497/1/827
f 497/1/828 541/1/828 537/1/828 494/1/828
f 449/1/829 544/1/829 545/1/829 453/1/829
f 453/1/830 545/1/830 543/1/830 450/1/830
f 530/1/831 548/1/831 551/1/831 534/1/831
f 534/1/832 551/1/832 547/1/832 531/1/832
f 575/1/833 554/1/833 556/1/833 579/1/833
f 579/1/834 556/1/834 553/1/834 573/1/834
f 684/1/835 560/1/835 562/1/835 685/1/835
f 685/1/836 562/1/836 561/1/836 683/1/836
f 469/1/813 564/1/813 565/1/813 473/1/813
f 473/1/814 565/1/814 563/1/814 470/1/814
f 554/1/837 568/1/837 571/1/837 558/1/837
f 558/1/838 571/1/838 567/1/838 555/1/838
f 377/1/839 575/1/839 578/1/839 381/1/839
f 381/1/840 578/1/840 574/1/840 378/1/840
f 610/1/841 581/1/841 583/1/841 614/1/841
f 614/1/842 583/1/842 580/1/842 608/1/842
f 617/1/843 588/1/843 590/1/843 621/1/843
f 621/1/844 590/1/844 587/1/844 615/1/844
f 627/1/845 595/1/845 597/1/845 631/1/845
f 631/1/846 597/1/846 594/1/846 625/1/846
f 588/1/847 603/1/847 606/1/847 592/1/847
f 592/1/848 606/1/848 602/1/848 589/1/848
f 634/1/849 610/1/849 613/1/849 638/1/849
f 638/1/850 613/1/850 609/1/850 632/1/850
f 581/1/851 617/1/851 620/1/851 585/1/851
f 585/1/852 620/1/852 616/1/852 582/1/852
f 640/1/853 622/1/853 624/1/853 641/1/853
f 641/1/854 624/1/854 623/1/854 639/1/854
f 622/1/855 627/1/855 630/1/855 624/1/855
f 624/1/856 630/1/856 626/1/856 623/1/856
f 595/1/857 634/1/857 637/1/857 599/1/857
f 599/1/858 637/1/858 633/1/858 596/1/858
f 560/1/859 640/1/859 641/1/859 562/1/859
f 562/1/860 641/1/860 639/1/860 561/1/860
f 733/1/861 643/1/861 645/1/861 737/1/861
f 737/1/862 645/1/862 642/1/862 731/1/862
f 695/1/863 649/1/863 651/1/863 699/1/863
f 699/1/864 651/1/864 650/1/864 693/1/864
f 740/1/865 653/1/865 655/1/865 744/1/865
f 744/1/866 655/1/866 652/1/866 738/1/866
f 709/1/867 660/1/867 662/1/867 713/1/867
f 713/1/868 662/1/868 659/1/868 707/1/868
f 747/1/869 667/1/869 669/1/869 751/1/869
f 751/1/870 669/1/870 666/1/870 745/1/870
f 719/1/871 674/1/871 676/1/871 723/1/871
f 723/1/872 676/1/872 673/1/872 717/1/872
f 726/1/873 680/1/873 682/1/873 730/1/873
f 730/1/874 682/1/874 681/1/874 724/1/874
f 660/1/875 684/1/875 685/1/875 664/1/875
f 664/1/876 685/1/876 683/1/876 661/1/876
f 754/1/877 687/1/877 689/1/877 758/1/877
f 758/1/878 689/1/878 686/1/878 752/1/878
f 674/1/879 695/1/879 698/1/879 678/1/879
f 678/1/880 698/1/880 694/1/880 675/1/880
f 680/1/881 701/1/881 703/1/881 682/1/881
f 682/1/882 703/1/882 700/1/882 681/1/882
f 649/1/883 709/1/883 712/1/883 651/1/883
f 651/1/884 712/1/884 708/1/884 650/1/884
f 760/1/885 714/1/885 716/1/885 761/1/885
f 761/1/886 716/1/886 715/1/886 759/1/886
f 643/1/887 719/1/887 722/1/887 647/1/887
f 647/1/888 722/1/888 718/1/888 644/1/888
f 516/1/889 726/1/889 729/1/889 520/1/889
f 520/1/890 729/1/890 725/1/890 517/1/890
f 687/1/891 733/1/891 736/1/891 691/1/891
f 691/1/892 736/1/892 732/1/892 688/1/892
f 701/1/893 740/1/893 743/1/893 705/1/893
f 705/1/894 743/1/894 739/1/894 702/1/894
f 714/1/895 747/1/895 750/1/895 716/1/895
f 716/1/896 750/1/896 746/1/896 715/1/896
f 667/1/897 754/1/897 757/1/897 671/1/897
f 671/1/898 757/1/898 753/1/898 668/1/898
f 653/1/899 760/1/899 761/1/899 657/1/899
f 657/1/900 761/1/900 759/1/900 654/1/900
f 384/1/901 764/1/901 767/1/901 388/1/901
f 388/1/902 767/1/902 763/1/902 385/1/902
f 132/1/821 770/1/821 771/1/821 136/1/821
f 136/1/903 771/1/903 769/1/903 133/1/903
f 798/1/904 773/1/904 775/1/904 802/1/904
f 802/1/905 775/1/905 772/1/905 796/1/905
f 804/1/906 780/1/906 782/1/906 805/1/906
f 805/1/907 782/1/907 779/1/907 803/1/907
f 808/1/908 787/1/908 789/1/908 812/1/908
f 812/1/909 789/1/909 786/1/909 806/1/909
f 780/1/910 794/1/910 795/1/910 784/1/910
f 784/1/911 795/1/911 793/1/911 781/1/911
f 822/1/912 798/1/912 801/1/912 826/1/912
f 826/1/913 801/1/913 797/1/913 820/1/913
f 773/1/914 804/1/914 805/1/914 777/1/914
f 777/1/915 805/1/915 803/1/915 774/1/915
f 839/1/916 808/1/916 811/1/916 843/1/916
f 843/1/917 811/1/917 807/1/917 837/1/917
f 829/1/918 814/1/918 816/1/918 833/1/918
f 833/1/919 816/1/919 813/1/919 827/1/919
f 814/1/920 822/1/920 825/1/920 818/1/920
f 818/1/921 825/1/921 821/1/921 815/1/921
f 787/1/922 829/1/922 832/1/922 791/1/922
f 791/1/923 832/1/923 828/1/923 788/1/923
f 860/1/924 834/1/924 836/1/924 864/1/924
f 864/1/925 836/1/925 835/1/925 858/1/925
f 834/1/926 839/1/926 842/1/926 836/1/926
f 836/1/927 842/1/927 838/1/927 835/1/927
f 888/1/928 845/1/928 847/1/928 892/1/928
f 892/1/929 847/1/929 844/1/929 886/1/929
f 867/1/930 852/1/930 854/1/930 871/1/930
f 871/1/931 854/1/931 851/1/931 865/1/931
f 852/1/932 860/1/932 863/1/932 856/1/932
f 856/1/933 863/1/933 859/1/933 853/1/933
f 874/1/934 867/1/934 870/1/934 878/1/934
f 878/1/935 870/1/935 866/1/935 872/1/935
f 845/1/936 874/1/936 877/1/936 849/1/936
f 849/1/937 877/1/937 873/1/937 846/1/937
f 895/1/938 880/1/938 882/1/938 899/1/938
f 899/1/939 882/1/939 879/1/939 893/1/939
f 880/1/940 888/1/940 891/1/940 884/1/940
f 884/1/941 891/1/941 887/1/941 881/1/941
f 904/1/942 895/1/942 898/1/942 905/1/942
f 905/1/943 898/1/943 894/1/943 903/1/943
f 907/1/944 900/1/944 902/1/944 908/1/944
f 908/1/945 902/1/945 901/1/945 906/1/945
f 900/1/946 904/1/946 905/1/946 902/1/946
f 902/1/947 905/1/947 903/1/947 901/1/947
f 910/1/948 907/1/948 908/1/948 911/1/948
f 911/1/949 908/1/949 906/1/949 909/1/949
f 913/1/950 910/1/950 911/1/950 914/1/950
f 914/1/951 911/1/951 909/1/951 912/1/951
f 152/1/952 913/1/952 914/1/952 156/1/952
f 156/1/953 914/1/953 912/1/953 153/1/953
f 1105/1/954 915/1/954 921/1/954 1106/1/954
f 1106/1/955 921/1/955 917/1/955 1104/1/955
f 1108/1/956 922/1/956 928/1/956 1109/1/956
f 1109/1/957 928/1/957 924/1/957 1107/1/957
f 1121/1/958 929/1/958 931/1/958 1122/1/958
f 1122/1/959 931/1/959 930/1/959 1120/1/959
f 1142/1/960 932/1/960 938/1/960 1145/1/960
f 1145/1/961 938/1/961 934/1/961 1143/1/961
f 946/1/962 939/1/962 945/1/962 949/1/962
f 949/1/963 945/1/963 941/1/963 947/1/963
f 1179/1/964 948/1/964 951/1/964 1180/1/964
f 1180/1/965 951/1/965 947/1/965 1178/1/965
f 1181/1/966 953/1/966 959/1/966 1184/1/966
f 1184/1/967 959/1/967 955/1/967 1182/1/967
f 963/1/968 960/1/968 962/1/968 966/1/968
f 966/1/969 962/1/969 961/1/969 964/1/969
f 970/1/970 965/1/970 968/1/970 973/1/970
f 973/1/971 968/1/971 964/1/971 971/1/971
f 977/1/972 972/1/972 975/1/972 980/1/972
f 980/1/973 975/1/973 971/1/973 978/1/973
f 1202/1/974 979/1/974 982/1/974 1203/1/974
f 1203/1/975 982/1/975 978/1/975 1201/1/975
f 991/1/976 984/1/976 990/1/976 994/1/976
f 994/1/977 990/1/977 986/1/977 992/1/977
f 998/1/978 993/1/978 996/1/978 1001/1/978
f 1001/1/979 996/1/979 992/1/979 999/1/979
f 1006/1/980 1000/1/980 1003/1/980 1007/1/980
f 1007/1/981 1003/1/981 999/1/981 1005/1/981
f 1008/1/982 1006/1/982 1007/1/982 1011/1/982
f 1011/1/983 1007/1/983 1005/1/983 1009/1/983
f 1015/1/984 1010/1/984 1013/1/984 1018/1/984
f 1018/1/985 1013/1/985 1009/1/985 1016/1/985
f 1023/1/986 1017/1/986 1020/1/986 1024/1/986
f 1024/1/987 1020/1/987 1016/1/987 1022/1/987
f 1262/1/988 1023/1/988 1024/1/988 1265/1/988
f 1265/1/989 1024/1/989 1022/1/989 1263/1/989
f 1314/1/990 1025/1/990 1027/1/990 1317/1/990
f 1317/1/991 1027/1/991 1026/1/991 1315/1/991
f 1276/1/992 1028/1/992 1034/1/992 1279/1/992
f 1279/1/993 1034/1/993 1030/1/993 1277/1/993
f 1321/1/994 1035/1/994 1037/1/994 1324/1/994
f 1324/1/995 1037/1/995 1036/1/995 1322/1/995
f 1370/1/996 1038/1/996 1044/1/996 1371/1/996
f 1371/1/997 1044/1/997 1040/1/997 1369/1/997
f 1676/1/998 1045/1/998 1051/1/998 1679/1/998
f 1679/1/999 1051/1/999 1047/1/999 1677/1/999
f 1305/1/1000 1052/1/1000 1058/1/1000 1306/1/1000
f 1306/1/1001 1058/1/1001 1054/1/1001 1304/1/1001
f 1307/1/1002 1059/1/1002 1061/1/1002 1310/1/1002
f 1310/1/1003 1061/1/1003 1060/1/1003 1308/1/1003
f 1708/1/1004 1062/1/1004 1064/1/1004 1709/1/1004
f 1709/1/1005 1064/1/1005 1063/1/1005 1707/1/1005
f 1087/1/1006 1065/1/1006 1071/1/1006 1090/1/1006
f 1090/1/1007 1071/1/1007 1067/1/1007 1088/1/1007
f 1076/1/1008 1072/1/1008 1074/1/1008 1077/1/1008
f 1077/1/1009 1074/1/1009 1073/1/1009 1075/1/1009
f 1079/1/1010 1076/1/1010 1077/1/1010 1080/1/1010
f 1080/1/1011 1077/1/1011 1075/1/1011 1078/1/1011
f 1082/1/1012 1079/1/1012 1080/1/1012 1083/1/1012
f 1083/1/1013 1080/1/1013 1078/1/1013 1081/1/1013
f 1085/1/1014 1082/1/1014 1083/1/1014 1086/1/1014
f 1086/1/1015 1083/1/1015 1081/1/1015 1084/1/1015
f 916/1/1016 1085/1/1016 1086/1/1016 920/1/1016
f 920/1/1017 1086/1/1017 1084/1/1017 917/1/1017
f 1072/1/1018 1089/1/1018 1092/1/1018 1074/1/1018
f 1074/1/1019 1092/1/1019 1088/1/1019 1073/1/1019
f 1110/1/1020 1094/1/1020 1100/1/1020 1113/1/1020
f 1113/1/1021 1100/1/1021 1096/1/1021 1111/1/1021
f 1126/1/1022 1101/1/1022 1103/1/1022 1129/1/1022
f 1129/1/1023 1103/1/1023 1102/1/1023 1127/1/1023
f 1095/1/1024 1105/1/1024 1106/1/1024 1099/1/1024
f 1099/1/1025 1106/1/1025 1104/1/1025 1096/1/1025
f 1101/1/1026 1108/1/1026 1109/1/1026 1103/1/1026
f 1103/1/1027 1109/1/1027 1107/1/1027 1102/1/1027
f 923/1/1028 1112/1/1028 1115/1/1028 927/1/1028
f 927/1/1029 1115/1/1029 1111/1/1029 924/1/1029
f 1140/1/1030 1117/1/1030 1119/1/1030 1141/1/1030
f 1141/1/1031 1119/1/1031 1118/1/1031 1139/1/1031
f 933/1/1032 1121/1/1032 1122/1/1032 937/1/1032
f 937/1/1033 1122/1/1033 1120/1/1033 934/1/1033
f 1150/1/1034 1123/1/1034 1125/1/1034 1151/1/1034
f 1151/1/1035 1125/1/1035 1124/1/1035 1149/1/1035
f 1137/1/1036 1128/1/1036 1131/1/1036 1138/1/1036
f 1138/1/1037 1131/1/1037 1127/1/1037 1136/1/1037
f 929/1/1038 1133/1/1038 1135/1/1038 931/1/1038
f 931/1/1039 1135/1/1039 1134/1/1039 930/1/1039
f 1117/1/1040 1137/1/1040 1138/1/1040 1119/1/1040
f 1119/1/1041 1138/1/1041 1136/1/1041 1118/1/1041
f 1133/1/1042 1140/1/1042 1141/1/1042 1135/1/1042
f 1135/1/1043 1141/1/1043 1139/1/1043 1134/1/1043
f 1123/1/1044 1144/1/1044 1147/1/1044 1125/1/1044
f 1125/1/1045 1147/1/1045 1143/1/1045 1124/1/1045
f 1156/1/1046 1150/1/1046 1151/1/1046 1157/1/1046
f 1157/1/1047 1151/1/1047 1149/1/1047 1155/1/1047
f 1159/1/1048 1152/1/1048 1154/1/1048 1160/1/1048
f 1160/1/1049 1154/1/1049 1153/1/1049 1158/1/1049
f 1152/1/1050 1156/1/1050 1157/1/1050 1154/1/1050
f 1154/1/1051 1157/1/1051 1155/1/1051 1153/1/1051
f 1164/1/1052 1159/1/1052 1160/1/1052 1167/1/1052
f 1167/1/1053 1160/1/1053 1158/1/1053 1165/1/1053
f 1171/1/1054 1161/1/1054 1163/1/1054 1174/1/1054
f 1174/1/1055 1163/1/1055 1162/1/1055 1172/1/1055
f 1161/1/1056 1166/1/1056 1169/1/1056 1163/1/1056
f 1163/1/1057 1169/1/1057 1165/1/1057 1162/1/1057
f 940/1/1058 1173/1/1058 1176/1/1058 944/1/1058
f 944/1/1059 1176/1/1059 1172/1/1059 941/1/1059
f 954/1/1060 1179/1/1060 1180/1/1060 958/1/1060
f 958/1/1061 1180/1/1061 1178/1/1061 955/1/1061
f 960/1/1062 1183/1/1062 1186/1/1062 962/1/1062
f 962/1/1063 1186/1/1063 1182/1/1063 961/1/1063
f 1204/1/1064 1188/1/1064 1190/1/1064 1207/1/1064
f 1207/1/1065 1190/1/1065 1189/1/1065 1205/1/1065
f 1211/1/1066 1191/1/1066 1197/1/1066 1214/1/1066
f 1214/1/1067 1197/1/1067 1193/1/1067 1212/1/1067
f 1229/1/1068 1198/1/1068 1200/1/1068 1230/1/1068
f 1230/1/1069 1200/1/1069 1199/1/1069 1228/1/1069
f 1192/1/1070 1202/1/1070 1203/1/1070 1196/1/1070
f 1196/1/1071 1203/1/1071 1201/1/1071 1193/1/1071
f 1198/1/1072 1206/1/1072 1209/1/1072 1200/1/1072
f 1200/1/1073 1209/1/1073 1205/1/1073 1199/1/1073
f 1188/1/1074 1213/1/1074 1216/1/1074 1190/1/1074
f 1190/1/1075 1216/1/1075 1212/1/1075 1189/1/1075
f 1238/1/1076 1218/1/1076 1220/1/1076 1241/1/1076
f 1241/1/1077 1220/1/1077 1219/1/1077 1239/1/1077
f 1231/1/1078 1221/1/1078 1227/1/1078 1234/1/1078
f 1234/1/1079 1227/1/1079 1223/1/1079 1232/1/1079
f 1222/1/1080 1229/1/1080 1230/1/1080 1226/1/1080
f 1226/1/1081 1230/1/1081 1228/1/1081 1223/1/1081
f 1218/1/1082 1233/1/1082 1236/1/1082 1220/1/1082
f 1220/1/1083 1236/1/1083 1232/1/1083 1219/1/1083
f 1248/1/1084 1240/1/1084 1243/1/1084 1251/1/1084
f 1251/1/1085 1243/1/1085 1239/1/1085 1249/1/1085
f 1255/1/1086 1245/1/1086 1247/1/1086 1258/1/1086
f 1258/1/1087 1247/1/1087 1246/1/1087 1256/1/1087
f 1245/1/1088 1250/1/1088 1253/1/1088 1247/1/1088
f 1247/1/1089 1253/1/1089 1249/1/1089 1246/1/1089
f 985/1/1090 1257/1/1090 1260/1/1090 989/1/1090
f 989/1/1091 1260/1/1091 1256/1/1091 986/1/1091
f 1025/1/1092 1264/1/1092 1267/1/1092 1027/1/1092
f 1027/1/1093 1267/1/1093 1263/1/1093 1026/1/1093
f 1029/1/1094 1269/1/1094 1275/1/1094 1033/1/1094
f 1033/1/1095 1275/1/1095 1271/1/1095 1030/1/1095
f 1035/1/1096 1278/1/1096 1281/1/1096 1037/1/1096
f 1037/1/1097 1281/1/1097 1277/1/1097 1036/1/1097
f 1039/1/1098 1283/1/1098 1289/1/1098 1043/1/1098
f 1043/1/1099 1289/1/1099 1285/1/1099 1040/1/1099
f 1515/1/1100 1290/1/1100 1296/1/1100 1518/1/1100
f 1518/1/1101 1296/1/1101 1292/1/1101 1516/1/1101
f 1053/1/1102 1297/1/1102 1303/1/1102 1057/1/1102
f 1057/1/1103 1303/1/1103 1299/1/1103 1054/1/1103
f 1059/1/1104 1305/1/1104 1306/1/1104 1061/1/1104
f 1061/1/1105 1306/1/1105 1304/1/1105 1060/1/1105
f 1062/1/1106 1309/1/1106 1312/1/1106 1064/1/1106
f 1064/1/1107 1312/1/1107 1308/1/1107 1063/1/1107
f 1270/1/1108 1316/1/1108 1319/1/1108 1274/1/1108
f 1274/1/1109 1319/1/1109 1315/1/1109 1271/1/1109
f 1284/1/1110 1323/1/1110 1326/1/1110 1288/1/1110
f 1288/1/1111 1326/1/1111 1322/1/1111 1285/1/1111
f 1373/1/1112 1328/1/1112 1334/1/1112 1374/1/1112
f 1374/1/1113 1334/1/1113 1330/1/1113 1372/1/1113
f 1375/1/1114 1335/1/1114 1337/1/1114 1378/1/1114
f 1378/1/1115 1337/1/1115 1336/1/1115 1376/1/1115
f 1414/1/1116 1338/1/1116 1344/1/1116 1415/1/1116
f 1415/1/1117 1344/1/1117 1340/1/1117 1413/1/1117
f 1390/1/1118 1345/1/1118 1351/1/1118 1391/1/1118
f 1391/1/1119 1351/1/1119 1347/1/1119 1389/1/1119
f 1392/1/1120 1352/1/1120 1354/1/1120 1395/1/1120
f 1395/1/1121 1354/1/1121 1353/1/1121 1393/1/1121
f 1399/1/1122 1355/1/1122 1361/1/1122 1402/1/1122
f 1402/1/1123 1361/1/1123 1357/1/1123 1400/1/1123
f 1436/1/1124 1362/1/1124 1368/1/1124 1439/1/1124
f 1439/1/1125 1368/1/1125 1364/1/1125 1437/1/1125
f 1346/1/1126 1370/1/1126 1371/1/1126 1350/1/1126
f 1350/1/1127 1371/1/1127 1369/1/1127 1347/1/1127
f 1352/1/1128 1373/1/1128 1374/1/1128 1354/1/1128
f 1354/1/1129 1374/1/1129 1372/1/1129 1353/1/1129
f 1356/1/1130 1377/1/1130 1380/1/1130 1360/1/1130
f 1360/1/1131 1380/1/1131 1376/1/1131 1357/1/1131
f 1420/1/1132 1382/1/1132 1388/1/1132 1421/1/1132
f 1421/1/1133 1388/1/1133 1384/1/1133 1419/1/1133
f 1335/1/1134 1390/1/1134 1391/1/1134 1337/1/1134
f 1337/1/1135 1391/1/1135 1389/1/1135 1336/1/1135
f 1422/1/1136 1394/1/1136 1397/1/1136 1425/1/1136
f 1425/1/1137 1397/1/1137 1393/1/1137 1423/1/1137
f 1329/1/1138 1401/1/1138 1404/1/1138 1333/1/1138
f 1333/1/1139 1404/1/1139 1400/1/1139 1330/1/1139
f 1460/1/1140 1406/1/1140 1412/1/1140 1463/1/1140
f 1463/1/1141 1412/1/1141 1408/1/1141 1461/1/1141
f 1478/1/1142 1414/1/1142 1415/1/1142 1479/1/1142
f 1479/1/1143 1415/1/1143 1413/1/1143 1477/1/1143
f 1450/1/1144 1416/1/1144 1418/1/1144 1453/1/1144
f 1453/1/1145 1418/1/1145 1417/1/1145 1451/1/1145
f 1458/1/1146 1420/1/1146 1421/1/1146 1459/1/1146
f 1459/1/1147 1421/1/1147 1419/1/1147 1457/1/1147
f 1339/1/1148 1424/1/1148 1427/1/1148 1343/1/1148
f 1343/1/1149 1427/1/1149 1423/1/1149 1340/1/1149
f 1684/1/1150 1429/1/1150 1435/1/1150 1685/1/1150
f 1685/1/1151 1435/1/1151 1431/1/1151 1683/1/1151
f 1416/1/1152 1438/1/1152 1441/1/1152 1418/1/1152
f 1418/1/1153 1441/1/1153 1437/1/1153 1417/1/1153
f 1480/1/1154 1443/1/1154 1449/1/1154 1483/1/1154
f 1483/1/1155 1449/1/1155 1445/1/1155 1481/1/1155
f 1407/1/1156 1452/1/1156 1455/1/1156 1411/1/1156
f 1411/1/1157 1455/1/1157 1451/1/1157 1408/1/1157
f 1363/1/1158 1458/1/1158 1459/1/1158 1367/1/1158
f 1367/1/1159 1459/1/1159 1457/1/1159 1364/1/1159
f 1444/1/1160 1462/1/1160 1465/1/1160 1448/1/1160
f 1448/1/1161 1465/1/1161 1461/1/1161 1445/1/1161
f 1487/1/1162 1467/1/1162 1473/1/1162 1490/1/1162
f 1490/1/1163 1473/1/1163 1469/1/1163 1488/1/1163
f 1598/1/1164 1474/1/1164 1476/1/1164 1599/1/1164
f 1599/1/1165 1476/1/1165 1475/1/1165 1597/1/1165
f 1383/1/1142 1478/1/1142 1479/1/1142 1387/1/1142
f 1387/1/1166 1479/1/1166 1477/1/1166 1384/1/1166
f 1468/1/1167 1482/1/1167 1485/1/1167 1472/1/1167
f 1472/1/1168 1485/1/1168 1481/1/1168 1469/1/1168
f 1291/1/1169 1489/1/1169 1492/1/1169 1295/1/1169
f 1295/1/1170 1492/1/1170 1488/1/1170 1292/1/1170
f 1522/1/1171 1494/1/1171 1500/1/1171 1525/1/1171
f 1525/1/1172 1500/1/1172 1496/1/1172 1523/1/1172
f 1529/1/1173 1501/1/1173 1507/1/1173 1532/1/1173
f 1532/1/1174 1507/1/1174 1503/1/1174 1530/1/1174
f 1539/1/1175 1508/1/1175 1514/1/1175 1542/1/1175
f 1542/1/1176 1514/1/1176 1510/1/1176 1540/1/1176
f 1502/1/1177 1517/1/1177 1520/1/1177 1506/1/1177
f 1506/1/1178 1520/1/1178 1516/1/1178 1503/1/1178
f 1546/1/1179 1524/1/1179 1527/1/1179 1549/1/1179
f 1549/1/1180 1527/1/1180 1523/1/1180 1547/1/1180
f 1495/1/1181 1531/1/1181 1534/1/1181 1499/1/1181
f 1499/1/1182 1534/1/1182 1530/1/1182 1496/1/1182
f 1554/1/1183 1536/1/1183 1538/1/1183 1555/1/1183
f 1555/1/1184 1538/1/1184 1537/1/1184 1553/1/1184
f 1536/1/1185 1541/1/1185 1544/1/1185 1538/1/1185
f 1538/1/1186 1544/1/1186 1540/1/1186 1537/1/1186
f 1509/1/1187 1548/1/1187 1551/1/1187 1513/1/1187
f 1513/1/1188 1551/1/1188 1547/1/1188 1510/1/1188
f 1474/1/1189 1554/1/1189 1555/1/1189 1476/1/1189
f 1476/1/1190 1555/1/1190 1553/1/1190 1475/1/1190
f 1645/1/1191 1556/1/1191 1562/1/1191 1648/1/1191
f 1648/1/1192 1562/1/1192 1558/1/1192 1646/1/1192
f 1607/1/1193 1563/1/1193 1565/1/1193 1610/1/1193
f 1610/1/1194 1565/1/1194 1564/1/1194 1608/1/1194
f 1652/1/1195 1566/1/1195 1572/1/1195 1655/1/1195
f 1655/1/1196 1572/1/1196 1568/1/1196 1653/1/1196
f 1621/1/1197 1573/1/1197 1579/1/1197 1624/1/1197
f 1624/1/1198 1579/1/1198 1575/1/1198 1622/1/1198
f 1659/1/1199 1580/1/1199 1586/1/1199 1662/1/1199
f 1662/1/1200 1586/1/1200 1582/1/1200 1660/1/1200
f 1631/1/1201 1587/1/1201 1593/1/1201 1634/1/1201
f 1634/1/1202 1593/1/1202 1589/1/1202 1632/1/1202
f 1638/1/1203 1594/1/1203 1596/1/1203 1641/1/1203
f 1641/1/1204 1596/1/1204 1595/1/1204 1639/1/1204
f 1574/1/1205 1598/1/1205 1599/1/1205 1578/1/1205
f 1578/1/1206 1599/1/1206 1597/1/1206 1575/1/1206
f 1666/1/1207 1600/1/1207 1606/1/1207 1669/1/1207
f 1669/1/1208 1606/1/1208 1602/1/1208 1667/1/1208
f 1588/1/1209 1609/1/1209 1612/1/1209 1592/1/1209
f 1592/1/1210 1612/1/1210 1608/1/1210 1589/1/1210
f 1594/1/1211 1614/1/1211 1620/1/1211 1596/1/1211
f 1596/1/1212 1620/1/1212 1616/1/1212 1595/1/1212
f 1563/1/1213 1623/1/1213 1626/1/1213 1565/1/1213
f 1565/1/1214 1626/1/1214 1622/1/1214 1564/1/1214
f 1674/1/1215 1628/1/1215 1630/1/1215 1675/1/1215
f 1675/1/1216 1630/1/1216 1629/1/1216 1673/1/1216
f 1557/1/1217 1633/1/1217 1636/1/1217 1561/1/1217
f 1561/1/1218 1636/1/1218 1632/1/1218 1558/1/1218
f 1430/1/1219 1640/1/1219 1643/1/1219 1434/1/1219
f 1434/1/1220 1643/1/1220 1639/1/1220 1431/1/1220
f 1601/1/1221 1647/1/1221 1650/1/1221 1605/1/1221
f 1605/1/1222 1650/1/1222 1646/1/1222 1602/1/1222
f 1615/1/1223 1654/1/1223 1657/1/1223 1619/1/1223
f 1619/1/1224 1657/1/1224 1653/1/1224 1616/1/1224
f 1628/1/1225 1661/1/1225 1664/1/1225 1630/1/1225
f 1630/1/1226 1664/1/1226 1660/1/1226 1629/1/1226
f 1581/1/1227 1668/1/1227 1671/1/1227 1585/1/1227
f 1585/1/1228 1671/1/1228 1667/1/1228 1582/1/1228
f 1567/1/1229 1674/1/1229 1675/1/1229 1571/1/1229
f 1571/1/1230 1675/1/1230 1673/1/1230 1568/1/1230
f 1298/1/1231 1678/1/1231 1681/1/1231 1302/1/1231
f 1302/1/1232 1681/1/1232 1677/1/1232 1299/1/1232
f 1046/1/1233 1684/1/1233 1685/1/1233 1050/1/1233
f 1050/1/1151 1685/1/1151 1683/1/1151 1047/1/1151
f 1710/1/1234 1686/1/1234 1692/1/1234 1713/1/1234
f 1713/1/1235 1692/1/1235 1688/1/1235 1711/1/1235
f 1718/1/1236 1693/1/1236 1699/1/1236 1719/1/1236
f 1719/1/1237 1699/1/1237 1695/1/1237 1717/1/1237
f 1720/1/1238 1700/1/1238 1706/1/1238 1723/1/1238
f 1723/1/1239 1706/1/1239 1702/1/1239 1721/1/1239
f 1694/1/1240 1708/1/1240 1709/1/1240 1698/1/1240
f 1698/1/1241 1709/1/1241 1707/1/1241 1695/1/1241
f 1734/1/1242 1712/1/1242 1715/1/1242 1737/1/1242
f 1737/1/1243 1715/1/1243 1711/1/1243 1735/1/1243
f 1687/1/1244 1718/1/1244 1719/1/1244 1691/1/1244
f 1691/1/1245 1719/1/1245 1717/1/1245 1688/1/1245
f 1751/1/1246 1722/1/1246 1725/1/1246 1754/1/1246
f 1754/1/1247 1725/1/1247 1721/1/1247 1752/1/1247
f 1741/1/1248 1727/1/1248 1733/1/1248 1744/1/1248
f 1744/1/1249 1733/1/1249 1729/1/1249 1742/1/1249
f 1728/1/1250 1736/1/1250 1739/1/1250 1732/1/1250
f 1732/1/1251 1739/1/1251 1735/1/1251 1729/1/1251
f 1701/1/1252 1743/1/1252 1746/1/1252 1705/1/1252
f 1705/1/1253 1746/1/1253 1742/1/1253 1702/1/1253
f 1772/1/1254 1748/1/1254 1750/1/1254 1775/1/1254
f 1775/1/1255 1750/1/1255 1749/1/1255 1773/1/1255
f 1748/1/1256 1753/1/1256 1756/1/1256 1750/1/1256
f 1750/1/1257 1756/1/1257 1752/1/1257 1749/1/1257
f 1800/1/1258 1758/1/1258 1764/1/1258 1803/1/1258
f 1803/1/1259 1764/1/1259 1760/1/1259 1801/1/1259
f 1779/1/1260 1765/1/1260 1771/1/1260 1782/1/1260
f 1782/1/1261 1771/1/1261 1767/1/1261 1780/1/1261
f 1766/1/1262 1774/1/1262 1777/1/1262 1770/1/1262
f 1770/1/1263 1777/1/1263 1773/1/1263 1767/1/1263
f 1786/1/1264 1781/1/1264 1784/1/1264 1789/1/1264
f 1789/1/1265 1784/1/1265 1780/1/1265 1787/1/1265
f 1759/1/1266 1788/1/1266 1791/1/1266 1763/1/1266
f 1763/1/1267 1791/1/1267 1787/1/1267 1760/1/1267
f 1807/1/1268 1793/1/1268 1799/1/1268 1810/1/1268
f 1810/1/1269 1799/1/1269 1795/1/1269 1808/1/1269
f 1794/1/1270 1802/1/1270 1805/1/1270 1798/1/1270
f 1798/1/1271 1805/1/1271 1801/1/1271 1795/1/1271
f 1818/1/1272 1809/1/1272 1812/1/1272 1819/1/1272
f 1819/1/1273 1812/1/1273 1808/1/1273 1817/1/1273
f 1821/1/1274 1814/1/1274 1816/1/1274 1822/1/1274
f 1822/1/1275 1816/1/1275 1815/1/1275 1820/1/1275
f 1814/1/1276 1818/1/1276 1819/1/1276 1816/1/1276
f 1816/1/1277 1819/1/1277 1817/1/1277 1815/1/1277
f 1824/1/1278 1821/1/1278 1822/1/1278 1825/1/1278
f 1825/1/1279 1822/1/1279 1820/1/1279 1823/1/1279
f 1827/1/1280 1824/1/1280 1825/1/1280 1828/1/1280
f 1828/1/1281 1825/1/1281 1823/1/1281 1826/1/1281
f 1066/1/1282 1827/1/1282 1828/1/1282 1070/1/1282
f 1070/1/1283 1828/1/1283 1826/1/1283 1067/1/1283
f 3/1/1284 916/1/1284 918/1/1284 7/1/1284
f 7/1/1285 918/1/1285 915/1/1285 1/1/1285
f 10/1/1286 923/1/1286 925/1/1286 14/1/1286
f 14/1/1287 925/1/1287 922/1/1287 8/1/1287
f 20/1/1288 933/1/1288 935/1/1288 24/1/1288
f 24/1/1289 935/1/1289 932/1/1289 18/1/1289
f 27/1/1290 940/1/1290 942/1/1290 31/1/1290
f 31/1/1291 942/1/1291 939/1/1291 25/1/1291
f 32/1/1292 946/1/1292 952/1/1292 35/1/1292
f 35/1/1293 952/1/1293 948/1/1293 33/1/1293
f 41/1/1294 954/1/1294 956/1/1294 45/1/1294
f 45/1/1295 956/1/1295 953/1/1295 39/1/1295
f 49/1/1296 963/1/1296 969/1/1296 52/1/1296
f 52/1/1297 969/1/1297 965/1/1297 50/1/1297
f 56/1/1298 970/1/1298 976/1/1298 59/1/1298
f 59/1/1299 976/1/1299 972/1/1299 57/1/1299
f 63/1/1300 977/1/1300 983/1/1300 66/1/1300
f 66/1/1301 983/1/1301 979/1/1301 64/1/1301
f 72/1/1302 985/1/1302 987/1/1302 76/1/1302
f 76/1/1303 987/1/1303 984/1/1303 70/1/1303
f 77/1/1304 991/1/1304 997/1/1304 80/1/1304
f 80/1/1305 997/1/1305 993/1/1305 78/1/1305
f 84/1/1306 998/1/1306 1004/1/1306 87/1/1306
f 87/1/1307 1004/1/1307 1000/1/1307 85/1/1307
f 94/1/1308 1008/1/1308 1014/1/1308 97/1/1308
f 97/1/1309 1014/1/1309 1010/1/1309 95/1/1309
f 101/1/1310 1015/1/1310 1021/1/1310 104/1/1310
f 104/1/1311 1021/1/1311 1017/1/1311 102/1/1311
f 116/1/1312 1029/1/1312 1031/1/1312 120/1/1312
f 120/1/1313 1031/1/1313 1028/1/1313 114/1/1313
f 126/1/1314 1039/1/1314 1041/1/1314 130/1/1314
f 130/1/1315 1041/1/1315 1038/1/1315 124/1/1315
f 133/1/1316 1046/1/1316 1048/1/1316 137/1/1316
f 137/1/1317 1048/1/1317 1045/1/1317 131/1/1317
f 140/1/1318 1053/1/1318 1055/1/1318 144/1/1318
f 144/1/1319 1055/1/1319 1052/1/1319 138/1/1319
f 153/1/1320 1066/1/1320 1068/1/1320 157/1/1320
f 157/1/1321 1068/1/1321 1065/1/1321 151/1/1321
f 173/1/1322 1087/1/1322 1093/1/1322 176/1/1322
f 176/1/1323 1093/1/1323 1089/1/1323 174/1/1323
f 182/1/1324 1095/1/1324 1097/1/1324 186/1/1324
f 186/1/1325 1097/1/1325 1094/1/1325 180/1/1325
f 196/1/1326 1110/1/1326 1116/1/1326 199/1/1326
f 199/1/1327 1116/1/1327 1112/1/1327 197/1/1327
f 212/1/1328 1126/1/1328 1132/1/1328 215/1/1328
f 215/1/1329 1132/1/1329 1128/1/1329 213/1/1329
f 228/1/1330 1142/1/1330 1148/1/1330 231/1/1330
f 231/1/1331 1148/1/1331 1144/1/1331 229/1/1331
f 250/1/1332 1164/1/1332 1170/1/1332 253/1/1332
f 253/1/1333 1170/1/1333 1166/1/1333 251/1/1333
f 257/1/1334 1171/1/1334 1177/1/1334 260/1/1334
f 260/1/1335 1177/1/1335 1173/1/1335 258/1/1335
f 267/1/1336 1181/1/1336 1187/1/1336 270/1/1336
f 270/1/1337 1187/1/1337 1183/1/1337 268/1/1337
f 279/1/1338 1192/1/1338 1194/1/1338 283/1/1338
f 283/1/1339 1194/1/1339 1191/1/1339 277/1/1339
f 290/1/1340 1204/1/1340 1210/1/1340 293/1/1340
f 293/1/1341 1210/1/1341 1206/1/1341 291/1/1341
f 297/1/1342 1211/1/1342 1217/1/1342 300/1/1342
f 300/1/1343 1217/1/1343 1213/1/1343 298/1/1343
f 309/1/1344 1222/1/1344 1224/1/1344 313/1/1344
f 313/1/1345 1224/1/1345 1221/1/1345 307/1/1345
f 317/1/1346 1231/1/1346 1237/1/1346 320/1/1346
f 320/1/1347 1237/1/1347 1233/1/1347 318/1/1347
f 324/1/1348 1238/1/1348 1244/1/1348 327/1/1348
f 327/1/1349 1244/1/1349 1240/1/1349 325/1/1349
f 334/1/1350 1248/1/1350 1254/1/1350 337/1/1350
f 337/1/1351 1254/1/1351 1250/1/1351 335/1/1351
f 341/1/1352 1255/1/1352 1261/1/1352 344/1/1352
f 344/1/1353 1261/1/1353 1257/1/1353 342/1/1353
f 348/1/1354 1262/1/1354 1268/1/1354 351/1/1354
f 351/1/1355 1268/1/1355 1264/1/1355 349/1/1355
f 357/1/1356 1270/1/1356 1272/1/1356 361/1/1356
f 361/1/1357 1272/1/1357 1269/1/1357 355/1/1357
f 362/1/1358 1276/1/1358 1282/1/1358 365/1/1358
f 365/1/1359 1282/1/1359 1278/1/1359 363/1/1359
f 371/1/1360 1284/1/1360 1286/1/1360 375/1/1360
f 375/1/1361 1286/1/1361 1283/1/1361 369/1/1361
f 378/1/1362 1291/1/1362 1293/1/1362 382/1/1362
f 382/1/1363 1293/1/1363 1290/1/1363 376/1/1363
f 385/1/1364 1298/1/1364 1300/1/1364 389/1/1364
f 389/1/1365 1300/1/1365 1297/1/1365 383/1/1365
f 393/1/1366 1307/1/1366 1313/1/1366 396/1/1366
f 396/1/1367 1313/1/1367 1309/1/1367 394/1/1367
f 400/1/1368 1314/1/1368 1320/1/1368 403/1/1368
f 403/1/1369 1320/1/1369 1316/1/1369 401/1/1369
f 407/1/1370 1321/1/1370 1327/1/1370 410/1/1370
f 410/1/1371 1327/1/1371 1323/1/1371 408/1/1371
f 416/1/1372 1329/1/1372 1331/1/1372 420/1/1372
f 420/1/1373 1331/1/1373 1328/1/1373 414/1/1373
f 426/1/1374 1339/1/1374 1341/1/1374 430/1/1374
f 430/1/1375 1341/1/1375 1338/1/1375 424/1/1375
f 433/1/1376 1346/1/1376 1348/1/1376 437/1/1376
f 437/1/1377 1348/1/1377 1345/1/1377 431/1/1377
f 443/1/1378 1356/1/1378 1358/1/1378 447/1/1378
f 447/1/1379 1358/1/1379 1355/1/1379 441/1/1379
f 450/1/1380 1363/1/1380 1365/1/1380 454/1/1380
f 454/1/1381 1365/1/1381 1362/1/1381 448/1/1381
f 461/1/1382 1375/1/1382 1381/1/1382 464/1/1382
f 464/1/1383 1381/1/1383 1377/1/1383 462/1/1383
f 470/1/1384 1383/1/1384 1385/1/1384 474/1/1384
f 474/1/1385 1385/1/1385 1382/1/1385 468/1/1385
f 478/1/1386 1392/1/1386 1398/1/1386 481/1/1386
f 481/1/1387 1398/1/1387 1394/1/1387 479/1/1387
f 485/1/1388 1399/1/1388 1405/1/1388 488/1/1388
f 488/1/1389 1405/1/1389 1401/1/1389 486/1/1389
f 494/1/1390 1407/1/1390 1409/1/1390 498/1/1390
f 498/1/1391 1409/1/1391 1406/1/1391 492/1/1391
f 508/1/1392 1422/1/1392 1428/1/1392 511/1/1392
f 511/1/1393 1428/1/1393 1424/1/1393 509/1/1393
f 517/1/1394 1430/1/1394 1432/1/1394 521/1/1394
f 521/1/1395 1432/1/1395 1429/1/1395 515/1/1395
f 522/1/1396 1436/1/1396 1442/1/1396 525/1/1396
f 525/1/1397 1442/1/1397 1438/1/1397 523/1/1397
f 531/1/1398 1444/1/1398 1446/1/1398 535/1/1398
f 535/1/1399 1446/1/1399 1443/1/1399 529/1/1399
f 536/1/1400 1450/1/1400 1456/1/1400 539/1/1400
f 539/1/1401 1456/1/1401 1452/1/1401 537/1/1401
f 546/1/1402 1460/1/1402 1466/1/1402 549/1/1402
f 549/1/1403 1466/1/1403 1462/1/1403 547/1/1403
f 555/1/1404 1468/1/1404 1470/1/1404 559/1/1404
f 559/1/1405 1470/1/1405 1467/1/1405 553/1/1405
f 566/1/1406 1480/1/1406 1486/1/1406 569/1/1406
f 569/1/1407 1486/1/1407 1482/1/1407 567/1/1407
f 573/1/1408 1487/1/1408 1493/1/1408 576/1/1408
f 576/1/1409 1493/1/1409 1489/1/1409 574/1/1409
f 582/1/1410 1495/1/1410 1497/1/1410 586/1/1410
f 586/1/1411 1497/1/1411 1494/1/1411 580/1/1411
f 589/1/1412 1502/1/1412 1504/1/1412 593/1/1412
f 593/1/1413 1504/1/1413 1501/1/1413 587/1/1413
f 596/1/1414 1509/1/1414 1511/1/1414 600/1/1414
f 600/1/1415 1511/1/1415 1508/1/1415 594/1/1415
f 601/1/1416 1515/1/1416 1521/1/1416 604/1/1416
f 604/1/1417 1521/1/1417 1517/1/1417 602/1/1417
f 608/1/1418 1522/1/1418 1528/1/1418 611/1/1418
f 611/1/1419 1528/1/1419 1524/1/1419 609/1/1419
f 615/1/1420 1529/1/1420 1535/1/1420 618/1/1420
f 618/1/1421 1535/1/1421 1531/1/1421 616/1/1421
f 625/1/1422 1539/1/1422 1545/1/1422 628/1/1422
f 628/1/1423 1545/1/1423 1541/1/1423 626/1/1423
f 632/1/1424 1546/1/1424 1552/1/1424 635/1/1424
f 635/1/1425 1552/1/1425 1548/1/1425 633/1/1425
f 644/1/1426 1557/1/1426 1559/1/1426 648/1/1426
f 648/1/1427 1559/1/1427 1556/1/1427 642/1/1427
f 654/1/1428 1567/1/1428 1569/1/1428 658/1/1428
f 658/1/1429 1569/1/1429 1566/1/1429 652/1/1429
f 661/1/1430 1574/1/1430 1576/1/1430 665/1/1430
f 665/1/1431 1576/1/1431 1573/1/1431 659/1/1431
f 668/1/1432 1581/1/1432 1583/1/1432 672/1/1432
f 672/1/1433 1583/1/1433 1580/1/1433 666/1/1433
f 675/1/1434 1588/1/1434 1590/1/1434 679/1/1434
f 679/1/1435 1590/1/1435 1587/1/1435 673/1/1435
f 688/1/1436 1601/1/1436 1603/1/1436 692/1/1436
f 692/1/1437 1603/1/1437 1600/1/1437 686/1/1437
f 693/1/1438 1607/1/1438 1613/1/1438 696/1/1438
f 696/1/1439 1613/1/1439 1609/1/1439 694/1/1439
f 702/1/1440 1615/1/1440 1617/1/1440 706/1/1440
f 706/1/1441 1617/1/1441 1614/1/1441 700/1/1441
f 707/1/1442 1621/1/1442 1627/1/1442 710/1/1442
f 710/1/1443 1627/1/1443 1623/1/1443 708/1/1443
f 717/1/1444 1631/1/1444 1637/1/1444 720/1/1444
f 720/1/1445 1637/1/1445 1633/1/1445 718/1/1445
f 724/1/1446 1638/1/1446 1644/1/1446 727/1/1446
f 727/1/1447 1644/1/1447 1640/1/1447 725/1/1447
f 731/1/1448 1645/1/1448 1651/1/1448 734/1/1448
f 734/1/1449 1651/1/1449 1647/1/1449 732/1/1449
f 738/1/1450 1652/1/1450 1658/1/1450 741/1/1450
f 741/1/1451 1658/1/1451 1654/1/1451 739/1/1451
f 745/1/1452 1659/1/1452 1665/1/1452 748/1/1452
f 748/1/1453 1665/1/1453 1661/1/1453 746/1/1453
f 752/1/1454 1666/1/1454 1672/1/1454 755/1/1454
f 755/1/1455 1672/1/1455 1668/1/1455 753/1/1455
f 762/1/1456 1676/1/1456 1682/1/1456 765/1/1456
f 765/1/1457 1682/1/1457 1678/1/1457 763/1/1457
f 774/1/1458 1687/1/1458 1689/1/1458 778/1/1458
f 778/1/1459 1689/1/1459 1686/1/1459 772/1/1459
f 781/1/1460 1694/1/1460 1696/1/1460 785/1/1460
f 785/1/1461 1696/1/1461 1693/1/1461 779/1/1461
f 788/1/1462 1701/1/1462 1703/1/1462 792/1/1462
f 792/1/1463 1703/1/1463 1700/1/1463 786/1/1463
f 796/1/1464 1710/1/1464 1716/1/1464 799/1/1464
f 799/1/1465 1716/1/1465 1712/1/1465 797/1/1465
f 806/1/1466 1720/1/1466 1726/1/1466 809/1/1466
f 809/1/1467 1726/1/1467 1722/1/1467 807/1/1467
f 815/1/1468 1728/1/1468 1730/1/1468 819/1/1468
f 819/1/1469 1730/1/1469 1727/1/1469 813/1/1469
f 820/1/1470 1734/1/1470 1740/1/1470 823/1/1470
f 823/1/1471 1740/1/1471 1736/1/1471 821/1/1471
f 827/1/1472 1741/1/1472 1747/1/1472 830/1/1472
f 830/1/1473 1747/1/1473 1743/1/1473 828/1/1473
f 837/1/1474 1751/1/1474 1757/1/1474 840/1/1474
f 840/1/1475 1757/1/1475 1753/1/1475 838/1/1475
f 846/1/1476 1759/1/1476 1761/1/1476 850/1/1476
f 850/1/1477 1761/1/1477 1758/1/1477 844/1/1477
f 853/1/1478 1766/1/1478 1768/1/1478 857/1/1478
f 857/1/1479 1768/1/1479 1765/1/1479 851/1/1479
f 858/1/1480 1772/1/1480 1778/1/1480 861/1/1480
f 861/1/1481 1778/1/1481 1774/1/1481 859/1/1481
f 865/1/1482 1779/1/1482 1785/1/1482 868/1/1482
f 868/1/1483 1785/1/1483 1781/1/1483 866/1/1483
f 872/1/1484 1786/1/1484 1792/1/1484 875/1/1484
f 875/1/1485 1792/1/1485 1788/1/1485 873/1/1485
f 881/1/1486 1794/1/1486 1796/1/1486 885/1/1486
f 885/1/1487 1796/1/1487 1793/1/1487 879/1/1487
f 886/1/1488 1800/1/1488 1806/1/1488 889/1/1488
f 889/1/1489 1806/1/1489 1802/1/1489 887/1/1489
f 893/1/1490 1807/1/1490 1813/1/1490 896/1/1490
f 896/1/1491 1813/1/1491 1809/1/1491 894/1/1491
f 190/1/1492 1/1/1492 915/1/1492 1105/1/1492
f 191/1/1493 181/1/1493 198/1/1493 9/1/1493 194/1/1493 187/1/1493 214/1/1493 223/1/1493 203/1/1493 226/1/1493 219/1/1493 15/1/1493 207/1/1493 19/1/1493 230/1/1493 209/1/1493 236/1/1493 242/1/1493 238/1/1493 245/1/1493 252/1/1493 247/1/1493 259/1/1493 26/1/1493 34/1/1493 265/1/1493 40/1/1493 269/1/1493 46/1/1493 51/1/1493 58/1/1493 65/1/1493 288/1/1493 278/1/1493 299/1/1493 274/1/1493 292/1/1493 284/1/1493 315/1/1493 308/1/1493 319/1/1493 304/1/1493 326/1/1493 336/1/1493 331/1/1493 343/1/1493 71/1/1493 79/1/1493 86/1/1493 92/1/1493 96/1/1493 103/1/1493 109/1/1493 350/1/1493 111/1/1493 402/1/1493 356/1/1493 115/1/1493 364/1/1493 121/1/1493 409/1/1493 370/1/1493 125/1/1493 456/1/1493 432/1/1493 476/1/1493 421/1/1493 463/1/1493 442/1/1493 487/1/1493 415/1/1493 459/1/1493 438/1/1493 480/1/1493 510/1/1493 425/1/1493 500/1/1493 564/1/1493 469/1/1493 506/1/1493 544/1/1493 449/1/1493 524/1/1493 502/1/1493 538/1/1493 493/1/1493 548/1/1493 530/1/1493 568/1/1493 554/1/1493 575/1/1493 377/1/1493 603/1/1493 588/1/1493 617/1/1493 581/1/1493 610/1/1493 634/1/1493 595/1/1493 627/1/1493 622/1/1493 640/1/1493 560/1/1493 684/1/1493 660/1/1493 709/1/1493 649/1/1493 695/1/1493 674/1/1493 719/1/1493 643/1/1493 733/1/1493 687/1/1493 754/1/1493 667/1/1493 747/1/1493 714/1/1493 760/1/1493 653/1/1493 740/1/1493 701/1/1493 680/1/1493 726/1/1493 516/1/1493 770/1/1493 132/1/1493 764/1/1493 384/1/1493 139/1/1493 391/1/1493 145/1/1493 395/1/1493 148/1/1493 794/1/1493 780/1/1493 804/1/1493 773/1/1493 798/1/1493 822/1/1493 814/1/1493 829/1/1493 787/1/1493 808/1/1493 839/1/1493 834/1/1493 860/1/1493 852/1/1493 867/1/1493 874/1/1493 845/1/1493 888/1/1493 880/1/1493 895/1/1493 904/1/1493 900/1/1493 907/1/1493 910/1/1493 913/1/1493 152/1/1493 175/1/1493 158/1/1493 162/1/1493 165/1/1493 168/1/1493 171/1/1493 2/1/1493
f 3/1/1494 170/1/1494 1085/1/1494 916/1/1494
f 193/1/1495 8/1/1495 922/1/1495 1108/1/1495
f 10/1/1496 197/1/1496 1112/1/1496 923/1/1496
f 206/1/1497 16/1/1497 929/1/1497 1121/1/1497
f 16/1/1498 220/1/1498 1133/1/1498 929/1/1498
f 228/1/1499 18/1/1499 932/1/1499 1142/1/1499
f 20/1/1500 206/1/1500 1121/1/1500 933/1/1500
f 32/1/1501 25/1/1501 939/1/1501 946/1/1501
f 27/1/1502 258/1/1502 1173/1/1502 940/1/1502
f 264/1/1503 33/1/1503 948/1/1503 1179/1/1503
f 267/1/1504 39/1/1504 953/1/1504 1181/1/1504
f 41/1/1505 264/1/1505 1179/1/1505 954/1/1505
f 49/1/1506 47/1/1506 960/1/1506 963/1/1506
f 47/1/1507 268/1/1507 1183/1/1507 960/1/1507
f 56/1/1508 50/1/1508 965/1/1508 970/1/1508
f 63/1/1509 57/1/1509 972/1/1509 977/1/1509
f 287/1/1510 64/1/1510 979/1/1510 1202/1/1510
f 77/1/1511 70/1/1511 984/1/1511 991/1/1511
f 72/1/1512 342/1/1512 1257/1/1512 985/1/1512
f 84/1/1513 78/1/1513 993/1/1513 998/1/1513
f 91/1/1514 85/1/1514 1000/1/1514 1006/1/1514
f 94/1/1515 91/1/1515 1006/1/1515 1008/1/1515
f 101/1/1516 95/1/1516 1010/1/1516 1015/1/1516
f 108/1/1517 102/1/1517 1017/1/1517 1023/1/1517
f 348/1/1518 108/1/1518 1023/1/1518 1262/1/1518
f 400/1/1519 112/1/1519 1025/1/1519 1314/1/1519
f 112/1/1520 349/1/1520 1264/1/1520 1025/1/1520
f 362/1/1521 114/1/1521 1028/1/1521 1276/1/1521
f 116/1/1522 355/1/1522 1269/1/1522 1029/1/1522
f 407/1/1523 122/1/1523 1035/1/1523 1321/1/1523
f 122/1/1524 363/1/1524 1278/1/1524 1035/1/1524
f 455/1/1525 124/1/1525 1038/1/1525 1370/1/1525
f 126/1/1526 369/1/1526 1283/1/1526 1039/1/1526
f 762/1/1527 131/1/1527 1045/1/1527 1676/1/1527
f 133/1/1528 769/1/1528 1684/1/1528 1046/1/1528
f 390/1/1529 138/1/1529 1052/1/1529 1305/1/1529
f 140/1/1530 383/1/1530 1297/1/1530 1053/1/1530
f 393/1/1531 146/1/1531 1059/1/1531 1307/1/1531
f 146/1/1532 390/1/1532 1305/1/1532 1059/1/1532
f 793/1/1533 149/1/1533 1062/1/1533 1708/1/1533
f 149/1/1534 394/1/1534 1309/1/1534 1062/1/1534
f 173/1/1535 151/1/1535 1065/1/1535 1087/1/1535
f 153/1/1536 912/1/1536 1827/1/1536 1066/1/1536
f 161/1/1537 159/1/1537 1072/1/1537 1076/1/1537
f 159/1/1538 174/1/1538 1089/1/1538 1072/1/1538
f 164/1/1539 161/1/1539 1076/1/1539 1079/1/1539
f 167/1/1540 164/1/1540 1079/1/1540 1082/1/1540
f 170/1/1541 167/1/1541 1082/1/1541 1085/1/1541
f 196/1/1542 180/1/1542 1094/1/1542 1110/1/1542
f 182/1/1543 190/1/1543 1105/1/1543 1095/1/1543
f 212/1/1544 188/1/1544 1101/1/1544 1126/1/1544
f 188/1/1545 193/1/1545 1108/1/1545 1101/1/1545
f 225/1/1546 204/1/1546 1117/1/1546 1140/1/1546
f 204/1/1547 222/1/1547 1137/1/1547 1117/1/1547
f 235/1/1548 210/1/1548 1123/1/1548 1150/1/1548
f 210/1/1549 229/1/1549 1144/1/1549 1123/1/1549
f 222/1/1550 213/1/1550 1128/1/1550 1137/1/1550
f 220/1/1551 225/1/1551 1140/1/1551 1133/1/1551
f 241/1/1552 235/1/1552 1150/1/1552 1156/1/1552
f 244/1/1553 239/1/1553 1152/1/1553 1159/1/1553
f 239/1/1554 241/1/1554 1156/1/1554 1152/1/1554
f 250/1/1555 244/1/1555 1159/1/1555 1164/1/1555
f 257/1/1556 248/1/1556 1161/1/1556 1171/1/1556
f 248/1/1557 251/1/1557 1166/1/1557 1161/1/1557
f 290/1/1558 275/1/1558 1188/1/1558 1204/1/1558
f 275/1/1559 298/1/1559 1213/1/1559 1188/1/1559
f 297/1/1560 277/1/1560 1191/1/1560 1211/1/1560
f 279/1/1561 287/1/1561 1202/1/1561 1192/1/1561
f 314/1/1562 285/1/1562 1198/1/1562 1229/1/1562
f 285/1/1563 291/1/1563 1206/1/1563 1198/1/1563
f 324/1/1564 305/1/1564 1218/1/1564 1238/1/1564
f 305/1/1565 318/1/1565 1233/1/1565 1218/1/1565
f 317/1/1566 307/1/1566 1221/1/1566 1231/1/1566
f 309/1/1567 314/1/1567 1229/1/1567 1222/1/1567
f 334/1/1568 325/1/1568 1240/1/1568 1248/1/1568
f 341/1/1569 332/1/1569 1245/1/1569 1255/1/1569
f 332/1/1570 335/1/1570 1250/1/1570 1245/1/1570
f 357/1/1571 401/1/1571 1316/1/1571 1270/1/1571
f 371/1/1572 408/1/1572 1323/1/1572 1284/1/1572
f 601/1/1573 376/1/1573 1290/1/1573 1515/1/1573
f 378/1/1574 574/1/1574 1489/1/1574 1291/1/1574
f 385/1/1575 763/1/1575 1678/1/1575 1298/1/1575
f 458/1/1576 414/1/1576 1328/1/1576 1373/1/1576
f 416/1/1577 486/1/1577 1401/1/1577 1329/1/1577
f 461/1/1578 422/1/1578 1335/1/1578 1375/1/1578
f 422/1/1579 475/1/1579 1390/1/1579 1335/1/1579
f 499/1/1580 424/1/1580 1338/1/1580 1414/1/1580
f 426/1/1581 509/1/1581 1424/1/1581 1339/1/1581
f 475/1/1582 431/1/1582 1345/1/1582 1390/1/1582
f 433/1/1583 455/1/1583 1370/1/1583 1346/1/1583
f 478/1/1584 439/1/1584 1352/1/1584 1392/1/1584
f 439/1/1585 458/1/1585 1373/1/1585 1352/1/1585
f 485/1/1586 441/1/1586 1355/1/1586 1399/1/1586
f 443/1/1587 462/1/1587 1377/1/1587 1356/1/1587
f 522/1/1588 448/1/1588 1362/1/1588 1436/1/1588
f 450/1/1589 543/1/1589 1458/1/1589 1363/1/1589
f 505/1/1590 468/1/1590 1382/1/1590 1420/1/1590
f 470/1/1591 563/1/1591 1478/1/1591 1383/1/1591
f 508/1/1592 479/1/1592 1394/1/1592 1422/1/1592
f 546/1/1593 492/1/1593 1406/1/1593 1460/1/1593
f 494/1/1594 537/1/1594 1452/1/1594 1407/1/1594
f 563/1/1591 499/1/1591 1414/1/1591 1478/1/1591
f 536/1/1595 503/1/1595 1416/1/1595 1450/1/1595
f 503/1/1596 523/1/1596 1438/1/1596 1416/1/1596
f 543/1/1597 505/1/1597 1420/1/1597 1458/1/1597
f 769/1/1528 515/1/1528 1429/1/1528 1684/1/1528
f 517/1/1598 725/1/1598 1640/1/1598 1430/1/1598
f 566/1/1599 529/1/1599 1443/1/1599 1480/1/1599
f 531/1/1600 547/1/1600 1462/1/1600 1444/1/1600
f 573/1/1601 553/1/1601 1467/1/1601 1487/1/1601
f 555/1/1602 567/1/1602 1482/1/1602 1468/1/1602
f 683/1/1603 561/1/1603 1474/1/1603 1598/1/1603
f 561/1/1604 639/1/1604 1554/1/1604 1474/1/1604
f 608/1/1605 580/1/1605 1494/1/1605 1522/1/1605
f 582/1/1606 616/1/1606 1531/1/1606 1495/1/1606
f 615/1/1607 587/1/1607 1501/1/1607 1529/1/1607
f 589/1/1608 602/1/1608 1517/1/1608 1502/1/1608
f 625/1/1609 594/1/1609 1508/1/1609 1539/1/1609
f 596/1/1610 633/1/1610 1548/1/1610 1509/1/1610
f 632/1/1611 609/1/1611 1524/1/1611 1546/1/1611
f 639/1/1612 623/1/1612 1536/1/1612 1554/1/1612
f 623/1/1613 626/1/1613 1541/1/1613 1536/1/1613
f 731/1/1614 642/1/1614 1556/1/1614 1645/1/1614
f 644/1/1615 718/1/1615 1633/1/1615 1557/1/1615
f 693/1/1616 650/1/1616 1563/1/1616 1607/1/1616
f 650/1/1617 708/1/1617 1623/1/1617 1563/1/1617
f 738/1/1618 652/1/1618 1566/1/1618 1652/1/1618
f 654/1/1619 759/1/1619 1674/1/1619 1567/1/1619
f 707/1/1620 659/1/1620 1573/1/1620 1621/1/1620
f 661/1/1621 683/1/1621 1598/1/1621 1574/1/1621
f 745/1/1622 666/1/1622 1580/1/1622 1659/1/1622
f 668/1/1623 753/1/1623 1668/1/1623 1581/1/1623
f 717/1/1624 673/1/1624 1587/1/1624 1631/1/1624
f 675/1/1625 694/1/1625 1609/1/1625 1588/1/1625
f 724/1/1626 681/1/1626 1594/1/1626 1638/1/1626
f 681/1/1627 700/1/1627 1614/1/1627 1594/1/1627
f 752/1/1628 686/1/1628 1600/1/1628 1666/1/1628
f 688/1/1629 732/1/1629 1647/1/1629 1601/1/1629
f 702/1/1630 739/1/1630 1654/1/1630 1615/1/1630
f 759/1/1631 715/1/1631 1628/1/1631 1674/1/1631
f 715/1/1632 746/1/1632 1661/1/1632 1628/1/1632
f 796/1/1633 772/1/1633 1686/1/1633 1710/1/1633
f 774/1/1634 803/1/1634 1718/1/1634 1687/1/1634
f 803/1/1635 779/1/1635 1693/1/1635 1718/1/1635
f 781/1/1636 793/1/1636 1708/1/1636 1694/1/1636
f 806/1/1637 786/1/1637 1700/1/1637 1720/1/1637
f 788/1/1638 828/1/1638 1743/1/1638 1701/1/1638
f 820/1/1639 797/1/1639 1712/1/1639 1734/1/1639
f 837/1/1640 807/1/1640 1722/1/1640 1751/1/1640
f 827/1/1641 813/1/1641 1727/1/1641 1741/1/1641
f 815/1/1642 821/1/1642 1736/1/1642 1728/1/1642
f 858/1/1643 835/1/1643 1748/1/1643 1772/1/1643
f 835/1/1644 838/1/1644 1753/1/1644 1748/1/1644
f 886/1/1645 844/1/1645 1758/1/1645 1800/1/1645
f 846/1/1646 873/1/1646 1788/1/1646 1759/1/1646
f 865/1/1647 851/1/1647 1765/1/1647 1779/1/1647
f 853/1/1648 859/1/1648 1774/1/1648 1766/1/1648
f 872/1/1649 866/1/1649 1781/1/1649 1786/1/1649
f 893/1/1650 879/1/1650 1793/1/1650 1807/1/1650
f 881/1/1651 887/1/1651 1802/1/1651 1794/1/1651
f 903/1/1652 894/1/1652 1809/1/1652 1818/1/1652
f 906/1/1653 901/1/1653 1814/1/1653 1821/1/1653
f 901/1/1654 903/1/1654 1818/1/1654 1814/1/1654
f 909/1/1655 906/1/1655 1821/1/1655 1824/1/1655
f 912/1/1656 909/1/1656 1824/1/1656 1827/1/1656
f 1104/1/1657 917/1/1657 1084/1/1657 1081/1/1657 1078/1/1657 1075/1/1657 1073/1/1657 1088/1/1657 1067/1/1657 1826/1/1657 1823/1/1657 1820/1/1657 1815/1/1657 1817/1/1657 1808/1/1657 1795/1/1657 1801/1/1657 1760/1/1657 1787/1/1657 1780/1/1657 1767/1/1657 1773/1/1657 1749/1/1657 1752/1/1657 1721/1/1657 1702/1/1657 1742/1/1657 1729/1/1657 1735/1/1657 1711/1/1657 1688/1/1657 1717/1/1657 1695/1/1657 1707/1/1657 1063/1/1657 1308/1/1657 1060/1/1657 1304/1/1657 1054/1/1657 1299/1/1657 1677/1/1657 1047/1/1657 1683/1/1657 1431/1/1657 1639/1/1657 1595/1/1657 1616/1/1657 1653/1/1657 1568/1/1657 1673/1/1657 1629/1/1657 1660/1/1657 1582/1/1657 1667/1/1657 1602/1/1657 1646/1/1657 1558/1/1657 1632/1/1657 1589/1/1657 1608/1/1657 1564/1/1657 1622/1/1657 1575/1/1657 1597/1/1657 1475/1/1657 1553/1/1657 1537/1/1657 1540/1/1657 1510/1/1657 1547/1/1657 1523/1/1657 1496/1/1657 1530/1/1657 1503/1/1657 1516/1/1657 1292/1/1657 1488/1/1657 1469/1/1657 1481/1/1657 1445/1/1657 1461/1/1657 1408/1/1657 1451/1/1657 1417/1/1657 1437/1/1657 1364/1/1657 1457/1/1657 1419/1/1657 1384/1/1657 1477/1/1657 1413/1/1657 1340/1/1657 1423/1/1657 1393/1/1657 1353/1/1657 1372/1/1657 1330/1/1657 1400/1/1657 1357/1/1657 1376/1/1657 1336/1/1657 1389/1/1657 1347/1/1657 1369/1/1657 1040/1/1657 1285/1/1657 1322/1/1657 1036/1/1657 1277/1/1657 1030/1/1657 1271/1/1657 1315/1/1657 1026/1/1657 1263/1/1657 1022/1/1657 1016/1/1657 1009/1/1657 1005/1/1657 999/1/1657 992/1/1657 986/1/1657 1256/1/1657 1246/1/1657 1249/1/1657 1239/1/1657 1219/1/1657 1232/1/1657 1223/1/1657 1228/1/1657 1199/1/1657 1205/1/1657 1189/1/1657 1212/1/1657 1193/1/1657 1201/1/1657 978/1/1657 971/1/1657 964/1/1657 961/1/1657 1182/1/1657 955/1/1657 1178/1/1657 947/1/1657 941/1/1657 1172/1/1657 1162/1/1657 1165/1/1657 1158/1/1657 1153/1/1657 1155/1/1657 1149/1/1657 1124/1/1657 1143/1/1657 934/1/1657 1120/1/1657 930/1/1657 1134/1/1657 1139/1/1657 1118/1/1657 1136/1/1657 1127/1/1657 1102/1/1657 1107/1/1657 924/1/1657 1111/1/1657 1096/1/1657
